movie_id,genre_ids
529,18 28 35 53
3549,18 28 35 53
7536,18 27 35 53
5086,18 28 35 53
3452,18 35 10749
973,18 35 53 10749
5385,18 27 35 53
3954,18 35
4041,18 27 28 53
5298,12 18 28 35 53
9169,18 28 35 53
6174,18 28 35 53
525,18 28 35 53
5572,18 28 35 53
9745,18 35 53
1797,18 27 28 35 53
646,18 35 10749
2727,12 18 28 35 10752
7570,18 35 10749
5358,18 28 35 53
2621,18 35 53 80
5159,18 28 35 53 10749
7620,18 35 53 80
6852,18 35 53 10749
3037,18 35 10749
6756,18 35 10749
4171,18 28 35 53 10749
4221,18 35
3427,18 27 35 53
1864,12 14 16 18 28 10751
2427,18 28 35 53
6957,12 14 16 18 35 53 10751
6090,18 35 53 10749
6812,18 35 10749
5482,18 28 35 80
9488,18 35 53
262,18 28 35 53
4870,12 14 16 18 28 35
6340,18 35 10749
6129,18 28 35 53
907,12 18 28 35 53
5394,14 18 35 10749 10751
3130,18 28 35 53
5077,18 28 35 53
105,12 14 16 18 28 53 878
7630,18 35 80 9648
5227,12 18 28 35 878
5126,12 14 16 18 28 35 10751
9992,14 18 27 28 35 53 878 9648
607,18 35 10749
7771,18 27 35 53
2902,18 28 35 53
7605,18 27 35 53
8962,18 28 35 53
2429,18 27 28 53 878
9394,18 27 35 53 9648
2534,18 35 53
546,18 28 35 53
5144,14 18 28 35 53
6988,18 35 53 10749
2773,12 14 18 35 10749 10751
880,12 14 18 28 35 53
5374,18 27 35 53
2989,18 35
3328,18 28 35 53 878
2233,18 35 10749
2814,12 18 35
8092,18 35 53 80
3469,12 16 18 35 10751
7689,18 28 35 53
7367,18 27 35 53 80 10749
9871,18 28 35 53
3133,12 14 18 27 28 35 53
254,18 28 35 53
7585,18 28 35 53
1424,12 18 35 53 10751
3379,18 27 28 53 80
5409,18 28 35 53
4506,18 28 35 53
1944,18 28 35 53
5103,18 28 35 53
6850,18 28 35 53 80
7915,18 28 35 53
1761,12 18 28 35 53 80 10749
5847,14 18 27 53
3963,12 14 16 28 35
2382,18 35 53
7066,18 28 35 53
9890,12 18 28 35 53 878
888,18 28 35 53
9653,18 35 53 80
8138,18 28 35 53
6103,18 28 53 80
6575,18 28 35 53
7624,18 28 35 53
8238,18 28 35 53
9793,18 35 53 10749
956,18 28 35 53
4269,18 35 53
7221,18 27 35 53
7470,18 28 35 53
9621,18 35
7024,18 28 35 53
9089,18 28 35 53
864,18 28 35 53
3590,18 35 53
2293,18 28 35 53
5355,12 18 28 35 53 878
3051,18 28 35
2996,18 35 53 80
5801,18 28 35 53
1115,18 28 35 53
7414,18 35 53 10749
667,18 35 53 10749
5008,18 35 53
6806,18 28 35 53
324,18 28 35 53
2836,18 27 35 53 10749
1357,18 27 28 53 80
11,12 14 18 28
7408,18 35 53 10749
6242,18 35 53 10749
4759,18 27 28 35
3462,12 18 28 35 53 878
2378,18 28 35 53
8834,18 28 35 53
9598,18 35 53
5130,12 18 28 35 53
7295,12 14 18 35 53 878 10749
8732,18 28 35 53
9416,18 28 35 53
4002,18 28 35 53
6626,18 35 53 10749
8975,18 28 35 53
4618,18 28 35 53
463,18 27 35 53
7137,18 28 35 53
1039,18 28 35 53
8663,18 28 35 53 80
2760,18 28 35 53
7317,18 28 35 53
9076,18 28 35 53
830,18 28 35 53 80 10749
5184,18 28 35 53
4625,18 35
4570,18 28 35 53
2290,18 28 35 53
7797,18 28 35 53
8015,18 35 10749
927,18 28 35 53
6186,18 28 35 53
3391,18 28 35 53
9509,18 35 80 10749
8990,18 28 35 53
4986,14 18 35 53 9648
7592,18 28 35 53 80
7523,18 28 35 53 80 10749
7238,18 35 53
746,18 35 53
5235,18 28 35 53
3247,18 28 35 53 10749
8221,18 28 35 53
5858,18 28 35 53
2503,12 18 28 53 878
5936,18 28 35 53
9171,18 28 35 53
6643,16 18 27 35
3109,12 27 28 53 878
6117,12 18 28 35 53
1487,18 35 53
8065,18 28 35 53
5368,18 27 35
4229,18 35 10749
9537,18 28 53 80
8964,18 28 35 53
4000,18 35 10749
6529,18 35 10749 10751
2119,12 14 18 28 53 878
8880,18 28 35 53
3292,18 28 35 53 10749
1469,18 28 35 53
5540,18 28 35 53
4549,12 14 16 18 28 35 878
9824,18 28 35 53
7147,18 28 35 53
2008,18 28 35
3163,18 28 35 53 80
294,18 28 35 53
3457,18 35 53
5002,12 18 28 35 53 80 10749
4141,18 35 53
1237,18 28 35 53
1541,12 18 28 53
610,12 14 18 35
2713,18 35 53 10749
7589,18 35 80
51,12 14 18 28 35
9671,18 28 35 53
8991,12 18 28 35 53 80
1507,18 28 35 53
8685,18 28 35 53
9273,12 18 28 53 878
3792,18 27 28 35 53 80
1504,18 28 35 53
1350,18 35 10749
6296,18 35 53 80
137,18 28 35 53
5833,18 27 35 53 80 10749
6024,12 18 28 35 53
9591,18 28 35 53
4154,18 28 53 80
5570,18 27 28 53 80
943,18 28 35 53
8929,18 28 35 53 80
2856,18 28 35 53
3225,18 35 53 10749
6970,18 35 53 10749
5302,18 28 35 80
9353,18 28 53 80
9938,12 18 35 10751
8866,18 28 35 53
1970,12 18 35 80
9554,18 28 35 53
5240,18 35 80 10749
4328,18 35 53 80
4894,12 18 35
1502,18 28 35
5945,18 28 35 53
2590,18 28 35 53
2069,12 16 28 35 9648 10751
4810,18 28 35 53 80
3581,18 28 35 53
8660,18 28 35 53
6368,18 35 53 80
1593,18 28 53 10751
7272,18 27 28 35 53
9983,18 28 35 53
2541,18 53 10749
89,18 35 10749
4693,12 16 18 35 10751
7206,18 28 35 53
6501,18 35 53
4520,18 35
8780,18 28 35 53 80
1006,12 18 28 35 53 10749
6400,18 28 35 53
8668,18 28 35 53
8439,18 35 53
7193,18 28 35 53
9529,18 27 53
1669,18 28 35 53
4094,12 14 18 27 28 35 53
43,18 27 28 35 53
214,18 28 35 53
7175,18 28 35 53 80
4633,18 35
4152,18 28 35 53
6267,12 14 16 28 878
545,18 28 35 53
232,12 18 28 35 53
9042,18 28 35 53
9917,18 27 35 53
8089,14 18 35 53 10751
3531,18 35 53 10749
7104,18 28 35 53 80
2637,12 14 18 28 35 10749
6803,18 35 10749 10751
9612,18 28 35 53
6630,12 18 28 35 53
2118,18 28 35 53 80
3823,18 28 35 53
6672,18 35 53 80
1172,12 18 28 35 53 80
7541,12 18 28 35 53 878
7354,12 14 16 28 35 878 10751
5808,18 28 35 53 80
6902,12 18 35 10749 10751
9869,18 28 35 53
9205,18 28 35 53
4578,18 28 35 53
4001,16 10751
6839,12 18 35 53 10751
7088,18 28 35 53 80
4665,18 35 53 10749
5879,18 27 35 53
7544,18 35
3455,18 28 35
5056,18 28 35 53
5930,12 18 35 53 10751
6841,18 28 35 53
4962,18 28 35 53
6628,18 28 35 53
9295,18 27 53 9648
8127,18 28 35 10749
8884,18 35
1902,18 35 80
2185,18 35 10749
7100,18 27 35 53
6339,18 35 53 10749
7774,18 28 35 53
1173,18 35 53 9648
5597,18 28 35 53
5974,18 27 35 53 9648
2622,18 28 35 53
4428,18 28 35 53
6074,18 28 35 53
4496,18 28 35 53
2789,18 28 35 53
9446,18 35 53
3766,18 28 35 53
3536,18 28 35 53
2346,18 35 53 10749
2448,18 28 35 53
633,18 28 35 53
2111,18 28 35 53 80
9218,18 28 35 53
6514,18 28 35 53
1407,18 35 53 80 10751
5023,18 27 53
298,18 28 35 53
5107,18 28 35 53
2614,18 27 53
9257,18 28 35 53
2690,18 27 28 35 53 80 9648
1339,18 28 35 53
8550,12 18 35 10751
8564,18 28 35 53
4835,16 18 28 53 80 878
2981,18 27 53 80
9410,14 18 27 35
73,18 28 35 53
6900,18 27 28 53 878
6324,18 28 35 53
8462,18 27 28 35 53
4437,18 35
4760,18 35 53
6179,12 18 28 35 53
2322,12 18 35 53 80
9235,18 35 10749
2692,14 18 35 10749 10751
5381,18 28 53 80
7847,18 35 10749 10751
1475,18 35 53 10749
7448,18 27 28 53
7505,18 28 35
882,18 35
2815,12 18 28 35 53 80 10749
1011,18 35 53 10749
7925,18 28 35 53 878
5363,18 35 53 878
7873,18 27 28 35 53
5428,18 35 10749
3773,12 14 18 28 35 10749
7705,18 27 53
771,18 28 35 53
1183,18 28 35 53 80
6673,18 28 35 53
67,18 35 10749
6544,18 35 53 80
7155,18 28 35 53
4337,12 18 28 878
2668,18 35 53 10751
9236,18 28 35 53
8631,12 18 35 53
2,18 28 35 53
8784,18 28 35 53
5370,18 28 35 53
3369,18 27 28 35 53
5509,18 28 35 53
7141,18 27 35 53 10749
9483,18 27 35
8163,18 35 53 80
831,18 28 35 53
9409,18 28 35 53 10749
4734,18 28 35 53 80
578,12 14 18 27 28 35 53
7992,18 35 53
1435,18 28 35 10749
8145,18 27 35
2432,18 28 35 10749
2366,12 18 28 35 53
4184,18 35 53 80
5992,18 28 35 53
6652,18 28 35 53
1660,12 14 16 18 28 35 878
5611,18 28 35 53
7072,18 28 35 53
7711,12 28 35 53
1875,18 28 35 53 80 9648
1963,18 27 28 53 878
3170,18 28 35 53
9549,18 28 35 53
3081,18 35 53
6742,14 18 35 10749 10751
9666,18 28 35 53 80
579,18 28 35 53
8386,18 28 35 53
778,18 28 35 53
5514,18 28 35 53
9248,18 28 35 53
861,12 14 18 35 53
5802,18 27 35 53 80
2992,18 28 35 53 80 10749
9138,18 27 35 53
5314,18 27 28 35 53
6987,12 28 53 878
1539,18 28 35 53
3101,12 18 28 35 53
2091,12 18 28 35 53 10751
702,18 28 35 53
1107,18 28 35 53
3385,18 27 35 53
9346,18 28 35 53
4286,18 27 35 53 878
9147,18 35 80 10749
3748,18 27 35 53 9648
2931,12 14 18 27 28 35 53
8242,12 18 28 35 53 878
2577,12 14 18 28 35 53 80
9783,18 27 35 53 9648
9947,18 28 35 53
3972,18 27 28 35 53 9648
7468,18 28 35 53
3891,18 28 35 53
4091,18 28 35 53
1810,18 28 35 53
9836,18 28 35 53
4032,18 28 35 53
8183,18 28 35 53
4063,18 28 35 53
2644,18 35 53 80
1077,12 18 28 35
2514,18 35 53 80
15,18 28 35 53
6164,12 14 18 35 53 878 10749
6269,18 27 53 9648
6695,18 35
8958,18 28 35 53
5512,18 28 35 53
4136,18 28 35 53
1693,18 28 35 53
7082,18 28 35 53
3510,18 28 35 53 80
7450,18 27 53
9825,18 27 35 53 9648 10749
1405,18 28 35
2839,12 18 28 35 53
3023,28 35
3047,12 18 28 35 53 80
8574,18 35 53
4856,18 27 53 80
752,18 35 53 10751
9654,12 16 18 35 10751
6297,18 35 53 10749
1123,18 35 10749 10751
8421,18 28 35 53
7666,18 27 35 53
2086,18 28 35 53
5784,18 28 35 53 10749
4443,18 27 35 53 10749
1414,12 18 28 35 10751
5985,18 28 35 53
1860,18 28 35 53
4558,18 28 35 53 80 10749
118,18 28 35 53
1792,18 35 53 10749
5050,18 35 10749
9940,18 28 35 53
9818,18 27 28 35 53
3380,18 28 35 53
715,18 28 35 53
6460,18 35 53 10749
2900,18 27 28 35 53
3815,12 16 18 35 53 10751
3144,18 35 53 9648
1793,18 28 35 53
9489,12 18 35
2781,18 28 35 53
8165,12 18 28 35 53 10749
8080,18 28 35 53
4683,18 28 35 53 80
273,14 18 35 53 10749
9812,12 18 35 53 10402
8458,18 28 35 53
7716,12 18 28 35 878 10751
7194,18 28 35 53
9582,18 28 35 53
1377,18 28 35 53
9941,18 28 35 53
5114,18 28 35 53
7057,12 18 28 35 53
6203,18 35 53 10749
696,12 18 28 35 53 80
9585,18 28 35 53
9889,18 28 35 53
2818,18 28 35 53
1617,12 18 35 53 10751
952,18 28 35 53 80
5574,18 35 53
2255,18 28 35 53 80
4667,18 27 35 53 80
6419,18 35 53
8539,18 28 35 53
8672,18 35 53 10749
9309,18 28 35 53 10749
5166,18 28 35 53
1836,18 28 35 53
2223,18 35 10749
3813,18 27 35
7013,18 27 35 53
170,18 28 35 53
4166,18 28 35 53
347,18 35 10749
6319,18 28 35 53
6715,18 28 35 53
7120,18 28 35 53 80
2413,18 35 53
2744,18 28 35 53
7564,18 28 35 53
5746,18 35 53 80
6302,18 28 35 53 80
4203,18 28 35 53
4902,18 35 53 80
5759,12 18 28 35 53 80
5809,16 18 27 35
4668,18 28 35 53
2408,18 28 35 53
5261,18 35 10749
9083,14 18 27 35 53
6802,12 18 28 35 53 878
9901,18 28 35 53
408,18 35 10749
4906,18 28 35 53
6820,18 28 35 53
680,18 28 35 36
4019,18 35 53 10749
2365,12 14 18 28 35 53
2051,12 18 28 35 53 10749
312,18 28 35 53
3830,18 28 35 53
6929,18 28 35 53
2225,18 28 35 53 80
5339,18 35 53 10749
6797,12 18 28 35
3821,18 28 35 53
3072,18 28 35 53 80
9754,12 14 18 28 35 10751
1084,18 28 35 53
2535,18 28 35 53
2373,18 28 35 53
1258,12 14 16 28 35 10751
1872,18 35 53 80
4236,18 28 35 53
3029,18 28 35 53
9689,18 28 35 53
2340,18 28 35 53
2983,18 27 35 10749
6467,18 28 35 53
7207,18 28 35 53
3238,14 18 35 10749 10751
2747,18 28 35 53
5459,18 35
9084,18 28 35 53
1023,18 28 35 53
5479,18 28 35 53
6738,18 28 35 53
2658,18 28 35 53
6036,18 28 35 53
3069,18 53 10749
9211,18 28 35 53
2392,12 18 28 35 53
874,18 28 35 53
4841,18 27 35 53 10749
3002,12 14 18 35 10751
6566,18 28 35 53
4620,18 28 35 53
5410,18 27 28 53 9648
6780,18 28 35 53
6624,18 28 35 53
1558,18 35 53
8774,18 28 35 53
8790,18 35 53
9064,12 18 28 35 53 80
3955,18 28 35 53
8075,18 28 35 53
5252,12 18 28 35
237,12 14 18 28 35 10751
1336,18 35 10749
2442,18 35 53
7463,18 28 35 53
7861,18 28 35 53
2301,16 18 28 35 10751
4231,18 28 35 53
1639,18 28 35 53
8227,18 35 53
9311,18 28 35 53
3084,12 18 35 878
7525,14 18 35 10751
8484,18 35 10749
9392,18 28 35 53
8726,18 28 35 53
2156,12 14 18 28 35
1866,18 35 53
6718,18 28 35 53 80
385,12 18 28 35 53
1343,18 35 53 10749
5264,18 35 53 10749
7727,12 18 28 35
1351,18 28 35 53
1930,18 28 35 53
4534,18 28 35 53
6961,18 35 53
1388,12 18 35 53
8758,18 28 35 53
4860,18 35
7154,18 27 35 53 878
8035,18 27 35 53
6759,18 28 35 53
338,18 28 35 53
8984,18 28 35 53
6083,18 28 35 53 10749
3651,18 28 35 53
1494,18 28 35 53
5541,18 28 35 53 10749
6260,18 28 35 53
450,12 14 16 18 28 35 878
5362,18 28 35 53
125,12 14 18 28 35
8867,12 18 28 53
4526,18 28 35 53
5716,18 28 35 53
1356,18 35
8588,18 27 28 35 53
3278,12 18 28 35 53
4088,18 28 35 53
7418,18 28 35 53 80
5396,18 35 53
1808,18 28 35 53
1877,18 27 28 35 53 80
1607,18 28 35 53
9955,18 35 53
9728,18 28 35 53 878
4410,12 18 28 35 53 10751
6880,18 35 53 10749
4867,18 35 53 878 10749
3357,18 35 53 9648
8352,18 35 10749
8787,18 28 35
4531,18 28 35 53
2857,18 35 53 10749
7383,12 18 35 53
8540,18 28 35 10749
2398,18 35 10749
4424,18 35
499,18 35 10749
7520,18 35 53
2106,12 18 53 80
9288,18 27 35 53
929,18 28 35 53
7124,18 28 35 53
1408,12 14 18 35 53 878 10749
3461,12 18 28 35 53
3183,12 14 18 28 35
9456,12 18 28 35
4524,18 35 10749
8879,18 28 35
8980,27 35 53
8854,18 28 35 53
739,14 18 35 10749
1196,18 28 35 53 878
8373,12 18 35 80 10749
1859,18 28 35 53
1010,18 28 35 53 10749
9999,18 28 35 53
4807,18 35 10749
6432,18 28 35 53
2135,18 28 35 53
8435,18 28 35 53
7357,12 18 28 35 53 878
1287,18 28 35 53
3125,18 28 35 53
1591,12 18 28 35 53 10749
5450,18 28 35 53
3440,18 28 35 53
2613,18 28 35 53
8742,18 28 35 53
6254,12 18 35 36
6558,18 35 53 10749
6190,12 18 28 35 53 10751
2252,18 35 10749
3119,12 18 28 35 53 80
2415,18 28 35 53
657,18 27 28 35 53 878
185,18 27 35 10749
42,18 28 35 53
9878,12 14 18 35 53 10751
6027,18 28 35 53 80
5877,18 28 35 53 10749
5016,18 53
437,18 28 35 53
3534,18 35 53 80
5286,12 18 28 35 53
7164,12 18 35 36
5745,18 27 28 35 53
8148,18 28 35 53
264,18 28 35 53
2707,12 14 18 35 53 10749 10751
9887,18 35 10749
2243,18 28 35 53
5236,18 28 35 53 10749
4519,18 35 53 10749
6053,18 28 35 53 80
9694,18 28 35 53
5884,18 28 35 53 80
857,18 28 35
5791,18 35
4307,12 18 28 35 10749
2452,12 18 27 35 53 10751
6507,12 18 35 53
2764,18 35 53 80 10749
8057,18 28 35 53
5724,18 35 53 80
5871,18 35 53
2159,12 14 16 28 878
7803,18 35 10749
8480,12 18 27 28 53 878
8829,18 28 35 53
5525,16 18 27 35
1411,18 28 35 80 10749
9696,18 35 53 10749
6301,18 35 53 80
959,18 28 35 53
6925,12 14 18 35 53 80 10751
2170,18 35 53 80
8380,18 28 35 53
2930,14 16 18 35
8457,18 35 53 10749
6476,18 28 35 53
5828,12 18 27 28 53 878
128,18 28 35 53
4055,12 18 35
660,18 35 10749
430,12 14 18 35 53
9611,12 18 28 35 53
9362,18 28 35 53
1155,18 28 35 53 80
5352,18 27 35 53 10749
6992,18 28 35 53
2396,18 35 10749
1770,18 28 35 80
5584,12 18 35 80 10749
6453,18 35 10749
8797,18 53 80
5487,12 16 28 35 53 10751
1624,18 27 35 9648
986,18 28 35 53
961,18 28 35 53 878
4216,18 35
377,18 28 35 53
8518,18 28 35 53
5489,18 28 35 53
5649,12 18 53 10751
7098,18 28 35 53
9902,18 28 35 53
2800,18 35 53
4043,18 28 35 53
1747,12 18 10751
4382,18 27 35 53
6755,12 14 18 28 53 80
8465,18 28 35 53
2616,18 27 35 53
9600,18 28 35 53 80
8351,18 28 35 53
5855,18 35 53 10749
1349,18 35 10749
7904,12 16 35 9648 10751
6487,18 28 35 53 80 10749
3055,18 35 53 80 9648
5669,12 18 28 35 53 878
3287,18 28 35 53
7526,18 28 35 53 10751
2420,18 28 35 53
4339,18 28 35 53 80
1698,18 35 53 80 10749
3140,18 28 35 53
3308,18 28 35 53
4441,18 28 35 53
6740,18 28 35 53
6892,18 28 35 53
4351,18 28 35 53
5609,18 35 53 10749
7558,12 18 28 35 53 878
1642,18 28 35 53
2484,18 35 53 10749
2431,18 27 28 35 53
1724,18 27 35 53 9648
7654,16 18 27 35
8818,18 28 35 53
3006,18 28 35 53
4365,18 28 35 53
3524,18 28 35 53
2995,18 28 35 53
7413,18 35 53
6873,18 35 53
2016,18 28 35 53
1076,18 27 35 80
3301,18 35
1330,12 16 18 28 35 10751
4968,18 27 28 35 53 80
5324,14 18 27 28 35 53
4545,18 27 35 53
3268,18 28 35 53 10749
865,18 28 35 53
2372,18 28 35
7770,18 28 35 53
6990,12 18 28 35
5593,18 27 35 53
6706,18 35 53
9196,18 53 10749 10751
2649,18 28 35 53
5918,18 28 35 53 80 10749
3389,12 18 28 35 53 878
2875,18 27 53
7538,18 27 35 53 80
6454,18 35 53
5768,18 27 35 53 80 10749
9629,18 28 35 53
9810,18 28 35 53
4884,18 28 35 53 10749
6298,12 18 28 35 53 80
3935,18 27 28 35 53
7788,18 28 35 53 80
1081,18 35 53 10749
4130,18 28 35 53 80
3718,18 28 35 53
1399,18 35 53 80
1552,18 35 10749
4847,16 28 35 80 878 9648
6042,18 27 35 53
7231,18 28 35 10749
9569,14 18 35 53 10749
9645,18 35 10749
4092,18 27 35 53
5318,18 28 35 53
2267,18 28 35 53 10749
4049,12 18 28 35 878
3529,18 28 35 53
3066,12 18 35
2526,12 18 35 10749 10751
6526,18 28 35 53
9388,18 28 35 53 878
1713,18 28 35 53 80
3722,18 35 53 80
4961,18 35
4846,18 28 35 53
2915,18 28 35 53
6692,18 35 53 80
4357,12 16 18 35 10751
6509,18 28 35 53 10751
3091,18 28 35 53
6344,18 27 28 53 9648
4726,18 35 53 80
3160,12 18 35 53 10751
7528,18 35 53 80
1957,18 27 28 53 80
6405,18 35 53 10749
793,18 28 35 53
2142,18 27 35 53 80 10749
8781,18 28 35 53 80 10751
8087,18 35 53
9739,18 35 53 10749
3431,18 28 35 53
8176,18 28 35 53
1019,18 28 35 53
469,18 28 35 53
9163,12 14 16 28 35 878 10751
500,18 28 35 53
854,18 28 35 53
90,18 35 53 10749
5255,18 35 10749
8451,18 28 35 53
4798,18 28 35 53 80 10749
666,14 18 28 35 53
9493,14 18 35 10751
8260,18 35
5747,18 28 35 53
6294,18 28 35 53 878
9129,18 35 53
8782,18 35 53 10749
1434,18 28 35 53
5492,18 28 35 53
4940,18 28 35 53 10749
7883,12 18 28 35 80
2266,18 28 35 53
3061,18 28 35 53
5967,18 35 53 10749
436,12 14 16 28 35 878 10751
6093,18 28 35
9296,18 28 53 80
2565,27 28 35 53
1851,18 28 35 53
3207,18 35 53 10749
3477,18 28 35 53
2508,18 28 35 53
3943,18 35 10749
2457,12 18 28 53 878
4525,18 35 10749
4373,18 28 35 53
9325,18 35 53 10749
1264,18 27 35 53 878 10749
2067,18 35 53
3867,18 28 35 53 80
2240,18 28 35 53
5032,18 28 35 53
9411,18 28 35 53
1147,18 35 10749
2728,18 28 35 53
4900,18 28 35 53
7331,18 35 10749
4392,18 28 35 53
7068,12 18 28 35 53 878
3339,18 28 35 53
7304,18 28 35 53
3715,12 16 18 35 10751
783,18 28 35 53
4614,18 28 35 53
3639,18 35 10749
124,18 35
3064,12 14 16 18 28 35 10751
22,18 28 35 53
1200,18 27 28 35 53
6779,18 28 35 53
2422,18 35 53 80
8265,18 35 53 10749
933,12 14 18 35 53 10749 10751
7576,18 28 35 53
2936,18 28 35 878 9648
9909,12 14 18 28 35 53
3984,18 28 35 53
7854,18 28 35 53
4347,18 28 35 53
1841,18 28 35 53
8659,18 28 35 53 80
6243,14 18 35 53 10749
3999,18 35
2974,12 18 28 53
9177,12 18 28 35 53 80 9648
797,18 28 35 53 80 10749
2725,18 35 53
1820,18 28 35 53
8452,18 27 35 53 10749
7312,18 28 35 53
3129,18 27 28 35 53 9648 10749
5875,12 16 18 28 35 53 10751
7384,18 28 35 53 80
6727,18 35 10749
9153,18 35 53 10749
9524,18 28 35 53
3779,18 35 10751
5415,18 35 53 10749
9241,14 18 35 53 10751
6310,18 28 35 53
9231,18 28 35 53 10749
7881,18 35 53
5418,18 28 53 80
879,12 18 28 35 53 878 9648
4478,18 28 35 53
7568,18 28 35 53
2221,18 27 35 53
9854,14 18 35
2499,18 27 35 53
2886,12 18 35 53 10751
4022,18 35 10749 10751
7707,18 28 35 53
8961,18 28 35 53
7674,18 28 35 53 80 10749
7987,18 28 35 53
2201,18 28 35 53
3876,18 28 35 53
3284,12 18 28 35 53
6265,18 28 35 53
7634,14 18 35 53 10749
6057,12 18 28 35 53 80
5354,18 27 35
4818,18 28 35
5390,18 28 35 53
3640,18 28 35 53
7213,12 18 28 35 53
6714,18 28 35 53 10749
2831,12 14 18 28 10751
8576,18 28 35 53
2472,12 18 35 53 10751
2969,18 35 53
4418,12 18 28 35 53 10751
4869,18 28 35 53
1259,12 18 27 28 53 878
4909,18 35 53 10749
7340,12 18 28 53 878
3724,14 18 27 35 53
6532,18 35 10749
4343,18 35 53
1574,18 28 35 53
4815,12 18 35 878 10749
2937,16 18 35 10749 10751
9723,18 28 35 53
9700,18 28 35 53
7436,12 14 18 28 53 10749
8729,18 27 28 35 53
2636,12 18 27 28 53 80
9500,18 28 35 53
3546,12 18 28 35 53
8584,18 28 35 53
5522,18 27 35 53 80 9648
4733,14 16 28 80
8998,18 35 53
812,18 35 80 10749
5661,18 35 53
3512,18 28 35 53
4596,18 28 35 53
5356,18 28 35 53
3519,12 18 28 35 878 10749
8938,18 28 35 53
2544,18 28 35 53
9848,18 28 35 53
331,18 28 35 53
1436,18 35 53 80
5714,18 35
3179,12 18 28 35 53
8682,18 28 35 53
4280,18 27 28 35 53
5876,18 28 35 53
2449,18 28 35 53
9107,18 35 53 10751
1214,12 18 35 80 10749
9014,18 35 53 10749
1451,18 35 10749
3990,18 35 53 80 10749
7827,18 27 35 53
6410,18 28 35 53 80
8723,18 28 35 53
5151,18 27 28 35 53
1439,18 35 53 10749
7442,18 35
4123,18 28 35 53
7820,12 14 18 35 53 878 10749
4600,18 35 53 10749
466,12 16 18 35
4405,12 14 18 28 35 53
6444,18 35 53
6120,18 28 35 53
5949,12 18 28 35 53
706,18 35
4702,18 35 53 10749
1243,12 14 16 28 878
315,18 35 53
9517,18 28 35 53
1997,18 28 35 53
5001,18 28 35 53
9316,18 35 10749
8842,18 35
8177,18 28 35 53 80
2706,18 35 53
5091,12 18 28 35 53 10751
6849,18 28 35 53
6268,18 35 53
9515,18 27 35 53 10749
4170,18 28 35 53
97,18 28 53 878 10749
1152,18 35 53 10749
4009,18 28 53 80 878
8348,18 28 35 53
8703,18 28 35 53
3873,18 35 53
9134,18 28 35 53
2693,14 16 18 28 35 878
2476,18 28 35 53
1623,18 28 35 10749
7784,18 28 35 53
8876,18 28 35 53
4716,18 35
6480,12 18 28 35 53
8789,18 35 53
8018,18 27 28 35 53
4938,18 28 35 53 10749
1028,18 35 80
6599,18 28 35 53
7604,18 35 10749
2367,18 28 35 53 80
5383,12 18 28 35 53
2598,18 35 10749
6494,12 18 28 35 53 80
6885,18 28 35 53 80
4658,18 28 35
115,18 28 35 53
9609,12 18 28 35 80
7875,18 35 10749
8438,18 35 53 80
621,18 28 35 53 80
6757,18 28 35 53
8731,18 28 35 53 80
7460,18 35 53
1182,18 35 53 80
979,18 28 35 53
5375,18 28 35 53 80
843,18 28 35 53
3273,18 35 53
5403,18 28 35 53
3479,18 28 35 53
9737,18 28 35 53
3211,18 28 35 53
4456,12 14 16 28 35 10751
4118,18 28 35 53
150,18 28 35 53
8562,18 27 28 35 53 878
5096,18 35 10749
4157,18 35 80
5962,18 28 35 53
8134,18 28 35 53
3831,18 35
7474,18 28 35 53
83,18 35 53 10749
7498,18 28 35 53 80 10749
366,12 14 16 18 28 35
6258,18 28 35 53
7599,18 28 35 53
5592,18 35 53
2537,18 27 53 80
3498,18 27 35 53 80
2840,18 28 35 53
2121,18 27 35 53 80
5698,18 35 53 10751
6828,12 18 28 35
9603,12 14 18 27 28 35 53
9422,18 28 35 53
7280,18 35 53
4752,18 28 35 53 80
5929,18 35 53
2258,18 27 28 35 53
2980,12 14 16 18 28 35
370,18 28 35 53 80
1344,18 28 35 53
2417,16 18 35 53
8882,18 28 35 53
8404,12 16 18 35 10751
2383,18 35 53
6040,18 35 53 10749
794,12 16 18 27 35
7234,18 28 35 53
424,18 28 35 53
5476,18 35 53 878
2321,12 18 28 35 53 10749 10751
6289,18 35 53 10749
8513,18 35
6061,12 18 28 35 878
4505,18 28 35 53
4912,18 28 35 53 80
6711,18 28 35 53
1275,18 28 35 53
7255,18 28 35 53
9157,18 35
4571,18 27 28 35 53
8862,18 28 35
4642,18 53 10749
8193,18 28 35 53
410,18 28 35 53
4305,18 28 35 53
2456,14 18 35 10749 10751
7074,12 14 18 28 35
1452,18 28 35 80 9648 10749
504,12 14 16 28 35 53 10751
1064,18 28 53 878
4808,18 28 35 80 10749
9740,18 28 35
5277,18 28 35 53
5582,12 14 18 35 53 878 10749
7430,18 28 35 53 80
2792,18 27 28 35 53
65,12 18 35 10749
9402,18 28 35 53 80
5703,18 35 53 9648 10749
1895,12 18 35 53 10749
5524,12 18 28 35 10752
1730,12 18 27 28 53 878
9113,18 28 35 53
9305,18 27 35 53
3474,18 35 10749
852,18 28 35 53
3636,18 28 35 53
4999,18 28 35 53
1328,18 28 35 53
5213,18 28 35 53 80 878
9066,18 35 10749
7866,18 28 35 53 80
7391,12 18 28 35 53
1801,12 14 16 18 35 878 10751
3832,18 28 35 53
8103,18 27 28 35 53 878
3350,18 27 35 10749
5532,18 28 53 10749
3013,18 28 35 53
5299,18 35 80
9057,12 18 28 35 53 878
3042,12 18 28 35 53
3190,12 16 18 35 10751
5295,18 28 35 53
6769,18 28 35 53
4139,18 35 53
7353,18 28 53 80 878
3336,18 28 35 53
593,18 28 35 53
6364,12 14 18 35 10749 10751
7745,18 28 35 53
8139,18 28 35 53
6883,18 28 35 53
1649,18 35 10749
8058,12 18 35 10751
7757,18 28 35 53
3979,18 28 35 53
781,12 18 35 53
427,12 14 16 28 878
2724,12 18 28 35 53 878
3982,18 28 35 53
9399,12 18 28 35
1834,12 18 35
1312,18 53
8434,18 28 35 53
7888,18 27 53 9648
586,18 35 53
2702,18 28 35 53
2418,27 35 53
2605,18 28 35 53
4744,18 28 35 53 80
2643,16 18 35 10749 10751
1151,18 35 10749
8365,18 35 53
1667,18 28 35 53
6318,18 28 35 53
5006,12 18 28 35 53
7144,18 28 35 53 878
9462,18 28 35 53
4417,18 28 35 53
300,18 28 35 53
7844,18 28 35 53
2254,18 28 35 53
7786,18 27 35 80
1788,18 35 10749
5506,18 28 35 10749
4079,18 28 35 53
4262,18 28 35 53
6640,18 28 53
2308,12 18 28 35 53 878
570,18 28 35 53
7782,18 28 35
8496,18 28 35
7773,18 28 35 53
5797,18 28 35
5320,18 27 28 35 53
8206,12 18 28 35 53
509,18 28 35 53
8172,18 28 35 53
130,18 28 35 53 80
5143,18 28 35 53
9261,18 27 35 53
9690,18 27 28 35 53
1143,18 35 10749
7459,18 28 35 53
7127,18 35 10749
4046,18 27 35 53 10749
5781,18 35 53 10749
8044,18 27 28 35 53
3702,18 28 35 53
4680,18 28 35 53
7941,18 28 35 53
6078,12 18 28 35
4281,12 18 35
5142,18 35 53 10749
1323,18 35
6813,14 18 28 35 53
5812,12 18 35 10751
6788,18 28 35 53
1139,18 28 35 53
1301,18 28 35 53
4363,12 18 28 35 53
9911,18 28 35 53
9162,18 28 35 53
4256,18 35 10749
2533,18 35 53
9128,18 35 53 80
9579,18 28 35 878
1630,18 27 28 35 53
2507,12 14 18 28 35
5222,18 28 35 53
4364,18 35 10402 10749
1714,18 35 53
9382,12 18 35 53
5789,18 28 35 10749
8773,12 18 27 28 53 878
9343,18 35 53 10749
7504,18 28 35 53
8314,18 28 35 53
1736,18 28 35 53
2001,18 28 53 80 10749
6028,18 35 53 80 10749
7892,18 28 35 53
6436,18 27 28 53 80
9852,18 28 35 53 878 10749
8845,18 27 28 53 878
5982,18 28 35 53
4463,18 28 35 53
7452,18 27 28 35 53 80
597,18 27 35 53
2471,18 35 10749
9019,27 28 35 53
6700,18 28 35 53
3930,18 35 53
6760,18 35 53
5499,18 28 35 53
3956,18 35 80
7794,14 18 27 28 35 53
8200,18 28 35 53
407,18 28 35 53
7607,18 28 35 53
5392,18 28 35 53
6031,18 28 35 53
3613,18 28 53
5199,18 28 35 53
7893,18 28 35 53
3484,18 28 35 53
8286,18 28 35 53
5468,18 35 53
2349,14 18 28 35 53
2739,18 28 35 53 80
844,12 18 28 35 53
6185,18 28 35 53
374,18 28 35 53
1359,18 28 35 53
7283,18 28 35 53
8161,18 28 35 53
4015,18 35 53 80 10749
1815,18 28 35 53
7839,18 28 35 53 80
6153,18 28 35 53
1447,18 28 35 53
8839,18 27 35 53
7129,18 28 35 53
2404,18 28 35 53
5013,18 27 35 53
3995,18 28 35 53
3528,18 28 35 53
6655,18 28 35 53
1840,12 18 28 35 53
85,12 14 18 28 35
918,18 28 35 53
7285,18 35 10749
8372,18 35 80
6484,18 28 35 53 10749
3556,18 28 35 53
1068,18 35 53
131,18 28 35 53
5067,12 18 28 35 53 878
2898,18 28 35 53
862,18 35 53 10749
100,18 28 53
8585,12 18 28 35 53
5911,18 35
5015,18 27 35 9648
8485,18 28 35 53
9882,18 35 53 10749
6038,18 28 35 53
7122,18 28 35 53
3121,18 28 35 53
7694,18 27 53
1527,18 35 53 10749
5800,18 27 28 35 53
3093,12 18 28 35 10751
2742,14 18 27 28 35 53
6330,18 28 35 53
1787,18 35 10749
6915,18 27 35 53
4742,18 28 35 53
390,18 28 35 53
4220,18 28 35 53 10749
7772,18 27 28 35 53
9396,18 28 35 53 80
2485,18 27 35 53
3946,14 18 35
1206,18 28 35 53
9275,18 35 53 10749
8889,18 28 35 53
1065,18 35 10749
4820,18 27 28 35 53
4690,12 18 28 35 53 878
5677,18 27 28 35 53
3015,18 28 35 878 10749
3036,18 28 35 53 80
2997,18 27 53 80 9648
172,18 35 10749
2080,18 35 53
3038,18 35 53 80
8244,18 35 10749
1204,18 27 28 35 53
2196,18 27 53 80
4786,12 14 16 18 28 35 10751
3423,18 28 35 53
6492,12 18 28 35 53 878
7424,18 28 35 53
6430,18 28 35 53
2009,18 28 35 53
4539,18 28 35 53
9156,18 35 53 80
9894,18 28 35 53
7730,18 35
1884,18 27 28 35 53
2695,18 28 35 53
7833,12 18 27 28 35 53
856,18 27 28 35 53
210,18 28 35 53
3587,18 28 35 53
2962,18 27 28 35 53
3213,18 35
7629,18 28 35 53 80
3451,18 28 35 53
9789,18 28 35 53
5272,18 28 35 53
5600,18 28 35 10749
7237,12 14 18 28 35
4797,12 18 28 35 53 80
7968,12 14 18 35
8267,18 27 28 35 53 9648
8167,18 28 53 80
3076,18 28 35 53
3605,12 18 28 35 53 878 10749
9976,18 35 10749
5485,18 28 53
3075,12 18 27 28 878
695,18 28 35 53
1941,18 28 35 53
4738,18 35 53
7954,18 28 35 53
112,18 28 35 53
1171,18 28 35 53
3260,18 35 10749
7181,18 28 35 53
5094,12 14 18 35
7491,18 28 35 53
4500,12 18 28 35 53
7766,18 35 53
2054,18 28 35 53
4452,18 28 35 10749
2399,12 14 16 18 28 35 878
7993,12 14 16 28 35 878 10751
656,18 35 53 10749
3936,18 28 35 53
8554,12 18 28 35 53 10749
577,12 18 28 35 10751
9487,18 28 35 53
7948,18 28 35 53
7561,12 14 16 18 35 10751
8479,12 18 28 35 53
404,18 27 35 53 80
5859,18 35 10749
3138,18 27 28 53
587,18 28 35 53 80
2273,18 28 35 53
4103,18 28 35
7132,18 27 35 53 80
129,18 28 35 53
4518,18 27 35 53 878
5232,12 16 18 35 10751
135,18 28 35 53
3117,18 28 35 53
608,18 35 53
6927,18 27 35 53
8615,18 53 10749
5155,18 35 53 80
4372,12 18 28 35 53 80
7230,18 28 35 80
4819,18 10749
1087,18 28 35 53 80
4761,12 14 18 35 53 878 10749
4972,18 28 35 53
5030,12 18 35
4905,12 18 28 35 10752
7112,18 28 35 53
7988,18 35 10749 10751
4234,18 35 10749
3089,18 28 35 53
7731,18 28 35 53 80 10749
4527,18 28 35 53
6160,18 35 10749
4911,12 16 18 28 35 878
1822,12 14 16 18 28 35
2667,12 18 35 53 10751
4687,18 28 35 53
9051,12 18 28 35 53
8763,12 18 28 35 53 80 10751
1678,18 35 10749
7622,18 27 35 53
2777,18 28 35 53
2437,18 28 35 53
1295,18 28 35 53
910,18 28 35 53 80 10749
1100,18 28 35 53
7306,18 28 35 53
5840,18 28 35 53
6416,18 28 35 53
510,18 28 35 53
9865,27 35 53
7645,12 18 28 35 10751
8327,12 18 35 10751
9563,12 18 35 80 10749
519,18 28 35 53
824,12 14 18 28 35 53 80
4333,12 18 28 35 53 878
8899,18 28 35 53 80
9315,18 35 10749
8512,18 28 35 53
2866,18 35 53 10749
4181,18 27 35 53
3797,18 27 35 53 80
3495,12 18 28 35 10751
8752,18 28 35 53
8374,18 28 35 53
4244,27 28 35 53
784,18 28 35
2689,18 35 53 80 10749
3302,18 28 35 53
8464,18 28 35 53
9324,18 35
3960,18 28 35 53 80
1094,12 18 53 80 10751
2344,12 18 28 35 53
6986,12 14 18 35 53 878 10749
4194,18 28 35 53
9287,18 27 35 53
780,18 28 35 53
8946,18 35 10749 10751
1037,18 28 35 53
2052,18 28 35 53 10749
1673,18 35
1168,18 28 35 53
4580,18 28 35 53
5890,18 27
4617,18 28 35 53
9924,18 28 35 53
737,18 27 28 35 53
8912,18 28 35 53
3958,18 28 35 53
3001,18 28 35 53
4735,18 35 53 10749
4309,18 27 53 9648
4406,12 18 28 35 53 80
5246,18 35 10749
3065,18 28 35 53
9949,12 18 35 10751
4853,18 28 35 53
5432,27 35 53 80
9472,18 28 35 53
1904,18 35 53 10749
3450,18 35 10749
1652,18 27 35 53
8717,18 28 35 53
5966,18 28 35
5533,18 28 35 53 80
3003,18 35
1402,18 28 35 53
9256,18 27 35 53
3887,16 18 35 53 10751
7045,18 28 35 53
791,18 28 35 53
2289,12 18 35 53
9168,27 35 53
7911,18 27 35 53 80 9648
7721,18 35 10749
8556,12 18 35
8655,18 28 35 53 80 878
9110,18 28 35 10749
4113,18 35 53 10749
6277,18 28 53 80
7621,12 14 16 18 35 53 9648 10751
7719,18 28 35 53
594,18 35 10749
2651,18 28 35 53
5712,18 28 53 80
3224,18 27 28 35 53
1232,18 28 35 10749
6270,18 35 10749
2375,18 28 35 53 10749
8218,18 28 35 53
52,18 28 35 53
7096,18 28 35 53
1743,12 18 28 35 878
9571,18 27 35 53
5972,18 28 35 53
4823,18 35 53
6331,18 28 35 53
3227,18 27 53 9648
3903,18 28 35 53
8502,18 28 35 53
2480,18 28 35 53
6030,18 53 80
7608,18 28 35 53
1577,14 18 35 10749
3611,18 35 53 80
3397,18 28 35 53
4967,18 28 35 53
5719,18 35 53 9648 10749
4292,18 28 35 53
7670,18 28 35 53
926,18 28 53 10749
740,18 35 53
8893,18 28 35 53 10749
8918,18 28 35 53
5049,18 28 35 53
472,12 14 18 28 53 878
8587,18 28 35 53
8930,18 28 35 53
2627,18 27 35 53
5000,18 28 35 53
7669,18 35 53
5312,18 28 35 53 878
7691,18 27 35 53 10749
6429,18 28 35 53
2299,18 28 35 53
7080,18 28 35 53 10749
5955,18 28 35 53
8863,18 28 35 53
8559,12 18 35 10751
7580,18 35 53 10749
3267,18 35 80
1219,18 27 28 35 53
5070,18 28 35 53
4955,12 18 28 35 53
5793,18 27 28 35 53
6303,18 27 28 53 80
3949,18 28 35 53
4287,18 35 10749
2788,18 35 53 878
3618,12 18 35 10751
4042,18 35
8406,18 35 10749
98,12 14 18 28 53 80
4013,18 28 35
5682,18 35 53 10749 10751
9973,18 27 28 35 53
4696,18 35
972,12 18 35 36
5736,18 35 53
3436,18 28 35 53
1473,18 28 35 53
1754,18 28 35 53 80 10749
6029,18 35 53 80
6371,12 18 28 35 878 10751
7578,18 28 35 53
3703,18 35 10749
8466,18 35 10749
5376,12 14 18 28 35 10749 10751
3741,18 35 53
7409,12 16 28 35 878
9421,18 28 35 53 80
4949,18 35 53
1510,18 28 35 10749
3582,12 14 18 28 35 878
3214,18 28 35 53
2624,18 35
9967,18 28 35 53
6378,18 28 35 53
6011,12 16 18 35 10751
1602,12 14 16 18 28 35 878
6851,18 27 28 35 53 878
1694,18 28 35 53
3573,18 35 53
9361,18 28 35 53
6549,18 28 35 53
4433,18 28 35 53
2917,18 28 35 53
3884,18 28 35 53
1518,18 28 35 53 80
3103,14 18 35 10749 10751
258,18 28 35 53
5773,14 18 35 53 10751
4630,18 28 35 10749
9499,18 28 35 53
1201,18 35 53
8295,18 28 35 53 878
3475,18 28 35 53 80
3697,18 28 35 53
6300,18 35 10749
4691,18 35 53 80
1857,18 28 35 53
3925,18 27 28 35 53
121,18 27 35 53
9015,12 18 35
2059,18 28 35 53
8636,18 28 35 53
6767,14 18 27 35
4685,12 18 28 53
1974,18 27 35 53 9648
3886,18 28 35 53
381,18 28 35 53
5717,12 18 35 10751
3962,18 28 35 53 10749
2540,18 35 10749
4647,18 28 35 53
7010,18 28 35 53
2536,28 35 53 80
2124,18 28 35 53 10749
3728,18 35 53
7534,18 28 35
7910,18 28 35 53 80
6422,18 28 35 53
3564,18 28 35 53
2991,18 35
8700,18 28 35 53
7996,18 35 53
2771,18 27 35 53 80
6693,18 27 35 53
9193,18 28 35 53
6627,18 28 35 53
2869,18 28 35
5181,18 28 35 53 80
1994,18 28 35 53
6255,18 35 10749
8776,12 18 28 35 53
8316,18 35 53 10749
2583,18 28 35 53
9846,18 35 53 80 10749
9548,12 18 28 35 53 878
4159,27 35 53
5750,18 35 53
2594,18 28 35 53
9371,18 27 35 53 878
9670,18 35 53
7984,18 35 53
6156,18 35
2557,18 27 28 35 53
1321,12 18 28 35
4374,18 27 28 35 53 80
7165,12 16 18 28 35 878 10751
2090,18 28 35 53
9447,12 18 28 35 53 80
3961,18 28 35 53
7712,18 28 35 53
6437,18 35
7610,18 28 35 53
7653,18 28 35 53
7615,18 35 10749
7908,18 28 35 53
7178,18 28 35 53
7780,18 35 53 80 9648
6607,18 28 35 53
6926,18 35 53 10749
9271,18 28 35 53 80
9491,18 27 35 53
3802,18 28 35 53 80
4085,18 28 35 53
2843,18 35 53 10749
3191,18 35 53 9648 10749
3316,16 18 28 53 80
9413,18 28 35 53
7316,18 28 35 53
3947,18 28 35 53 80
6248,18 28 35 53
9158,18 28 35 53
3934,18 28 35 53
8039,18 28 35 53
1749,18 35 53 10749
6981,18 35 10749
4722,18 35 10749 10751
9676,18 35 10749
399,18 28 35 53 80
6233,18 28 35 53
7042,18 35 10749 10751
5279,12 18 28 35 53 878
7256,18 28 35 53 80
8231,18 27 35 53
3804,18 28 53 80
6357,18 28 35 53
3740,18 27 35 53
9996,18 35 53 9648 10749
4249,18 28 35 53
4701,12 14 16 18 28 35 878
8279,12 18 35 53 80 878
4205,16 28 35 10749 10751
8913,18 35
4621,18 28 53
9008,18 28 35 53
5325,12 18 28 35 53
6518,12 18 28 35 10752
9722,18 35 53
4466,12 18 28 35 53 878
7697,18 35
949,18 28 35 53
416,16 18 27 35
9820,18 28 35 53
1401,18 28 35 53
2795,18 35 36
3106,18 28 35
7179,18 35 53 80
375,12 18 28 35 878
1798,18 35 10749
1149,18 28 35 53
5389,16 18 28 53 80
28,18 27 35 53 9648
6483,18 28 35 53
9044,18 28 35 53
2677,18 35 53 80
845,18 27 53
5729,18 35 53 80 9648
3,27 28 35 53
205,18 35 53 878
6379,18 28 35 53
157,12 18 28
9776,18 27 28 53
6836,18 28 35 53
4369,18 35 53 10749
7849,18 28 53 80
3438,18 28 35 53
8037,18 35 53 80
6653,18 28 35 53
5691,18 28 35 53
5393,18 28 35 53
2697,18 28 35 53
6442,18 28 35 53
243,18 28 35 53 80
6942,18 28 35 53 10751
1831,18 27 35 80
2918,18 27 28 35 53
7416,18 28 35 53
5344,18 28 35 53
6713,18 27 28 53 878
1216,18 28 35 53 80
4612,18 27 35 53
3568,18 28 53 10749
664,18 28 35 53
9094,18 28 35 53
9070,18 28 35 53
2247,18 28 35 53
8305,18 27 35 53
3777,18 35 10749
3386,18 27 28 35 878
8403,18 27 53
1314,18 28 35 53 80
8293,18 35 53 10749
238,18 28 35 53
5503,18 28 35 53
1567,18 28 35 53
1855,18 35 10749
5673,18 28 35 53
2300,18 28 35 53 878 10749
4832,18 28 35 53
5515,18 35 53 10749
6551,18 28 35 53
5776,18 28 35 53 80
1549,12 14 18 28 35 53
6291,18 27 35 53
6274,18 28 35 53
2829,18 28 35 53
6222,18 35 10749
3104,18 35 53 80
8795,18 28 35 53
8317,18 28 35 53
7379,18 28 35 53
4150,12 18 35 80 9648
4358,12 18 28 35 53
8902,18 28 35 53
905,12 18 28 35 878
6766,18 28 35 53
3678,18 28 35 53
226,18 35 80 10749
8741,18 35 53 10749
870,18 35 53 10749
9052,18 35 10749
3050,18 35 10749
7320,18 27 35 53
925,12 16 28 53 80 878
1512,18 28 35 53 878
7856,18 28 35 53
8915,18 28 35 53
1737,18 28 35 53
1671,18 28 35 53
2464,18 27 28 53 878
9481,18 35 53 10749
3383,18 28 53 80
1634,12 14 18 28
3311,18 28 35 53
1127,14 18 27 53
7876,18 28 35 53
3325,16 18 53 10751
9406,18 28 35 53
2036,18 28 35 53
2285,12 16 18 28 35 53 878
9678,18 35
2584,18 28 35 53
4497,12 16 18 35 53 10751
5377,12 18 28 35 53 80
6739,18 28 35 53
8299,12 18 28 35
5329,18 27 28 53
534,18 28 35 53
4741,18 35 53 10749
897,18 28 35 53
1433,18 35 53
6415,18 27 35 53 9648
4214,18 35 53 80
734,18 35 53 10749
5248,18 28 35 53 80
7955,18 28 35 53
7118,18 28 35 53
7898,18 27 53 80
1055,18 28 35 53
2467,18 28 35 53
4959,18 28 35 53
3685,12 14 18 27 28 35 53
6688,12 14 18 28 53 878
1489,12 18 28 53 878
8844,18 28 35 53
5208,18 27 35 53 80
7061,12 18 35 53
6253,18 28 35 53 878 10749
7807,18 27 53 80
3487,12 14 18 28 35 10749
1689,18 28 35 53 10749
8416,18 28 35 53
8326,12 16 28 53 80 878
4484,18 28 35 53
2589,18 53 9648
156,18 28 35 53
2509,18 27 28 35 53 80 9648
4965,18 28 35 53
9920,18 35 10751
4383,12 14 16 18 35 10749 10751
1269,18 10749
4825,18 35 53 10749
5414,18 28 35 53
2529,18 35 53 10749
7676,18 35 10749
4404,18 35 53 80 10749
7917,18 35 80
648,18 28 35 53
1865,18 35 10749
1129,12 16 18 28 35 53 878
1403,18 35 53 80
2523,18 28 35 53
2574,12 18 28 35 53
4503,18 35 53 10749
5464,12 18 28 35 53 80
311,18 28 35 53
6019,18 28 35 53
7467,18 28 35 53
8405,18 28 35 53 10749
6092,18 28 35 53
9915,18 28 35 53
31,18 28 53 10749
2441,18 28 35 53 878
5816,18 28 35 53
7244,18 35 10749
1637,18 28 35 53
3592,12 18 35 80
2409,12 18 28 35 10749
134,18 35 53 80
5517,18 35 53
249,18 28 35 53
2217,18 28 35 53
1515,18 28 35 53
4584,14 18 28 35 53
1964,18 28 35 53
8290,14 18 35
1120,12 18 35 10749
64,18 28 35 53
7095,18 35 53
6259,18 35 53 80
8772,18 28 35 53
2538,18 35 53 80
1397,18 28 35 53
984,18 35 10749
4223,18 28 35 53
9655,18 35 10749
1279,18 28 35 53
8398,18 28 35 53
4273,18 28 35 53 10749
9615,18 28 35 53
9577,18 27 28 35 53 878
39,12 18 28 35
191,18 35 53 80
8009,12 18 35 10751
3541,12 18 27 28 35 53
5351,18 28 53 10749
3667,18 35
5571,18 28 35 53
9332,18 35 10749
8669,18 28 35 53
9604,18 28 35 53 80
9366,18 27 28 53 878
7633,18 28 35 53
6523,12 14 16 18 35 53 10749 10751
8002,12 18 35 10749
3745,18 28 35 53
336,18 28 35 53
5889,18 28 35 53
