movie_id,split
1,train
4,train
5,train
6,train
7,train
8,train
9,train
10,test
12,train
13,train
14,validation
16,validation
17,train
18,train
19,train
20,train
21,test
23,validation
24,train
25,train
26,validation
27,train
29,train
30,test
32,train
33,train
34,train
35,train
36,train
37,train
38,train
40,test
41,train
44,test
45,train
46,train
47,train
48,train
49,train
50,test
53,test
54,train
55,train
56,test
57,test
58,train
59,train
60,train
61,train
62,test
63,train
66,train
68,test
69,train
70,train
71,train
72,train
74,train
75,train
76,test
77,validation
78,train
79,validation
80,train
81,validation
82,train
84,train
86,train
87,validation
88,test
91,validation
92,test
93,test
94,train
95,train
96,train
99,train
101,train
102,train
103,train
104,validation
106,train
107,train
108,validation
109,train
110,test
111,train
113,train
114,train
116,validation
117,train
119,validation
120,test
122,train
123,train
126,train
127,train
132,test
133,train
136,train
138,train
139,train
140,train
141,test
142,train
143,train
144,test
145,test
146,train
147,train
148,test
149,validation
151,validation
152,train
153,train
154,train
155,validation
158,test
159,test
160,train
161,train
162,train
163,train
164,train
165,train
166,train
167,train
168,train
169,test
171,train
173,train
174,train
175,train
176,train
177,test
178,test
179,train
180,train
181,train
182,train
183,train
184,train
186,train
187,train
188,train
189,test
190,train
192,train
193,train
194,test
195,test
196,train
197,train
198,validation
199,train
200,validation
201,train
202,test
203,train
204,validation
206,train
207,validation
208,train
209,train
211,train
212,train
213,train
215,train
216,train
217,validation
218,train
219,train
220,train
221,train
222,test
223,train
224,train
225,validation
227,train
228,validation
229,validation
230,train
231,train
233,train
234,train
235,validation
236,train
239,train
240,train
241,train
242,train
244,validation
245,train
246,train
247,train
248,train
250,validation
251,train
252,train
253,train
255,train
256,test
257,train
259,test
260,validation
261,train
263,validation
265,train
266,train
267,validation
268,validation
269,test
270,train
271,train
272,train
274,train
275,train
276,test
277,train
278,test
279,train
280,train
281,train
282,train
283,validation
284,train
285,test
286,test
287,train
288,train
289,train
290,test
291,train
292,train
293,test
295,validation
296,validation
297,test
299,train
301,train
302,train
303,validation
304,test
305,train
306,train
307,test
308,train
309,train
310,validation
313,train
314,train
316,train
317,train
318,train
319,train
320,train
321,train
322,validation
323,train
325,train
326,train
327,train
328,train
329,validation
330,train
332,train
333,train
334,train
335,train
337,train
339,validation
340,train
341,test
342,train
343,train
344,train
345,train
346,validation
348,train
349,test
350,test
351,validation
352,train
353,test
354,test
355,validation
356,train
357,train
358,validation
359,test
360,train
361,train
362,train
363,train
364,train
365,test
367,train
368,train
369,train
371,test
372,train
373,train
376,train
378,train
379,train
380,train
382,test
383,train
384,train
386,train
387,train
388,train
389,test
391,train
392,test
393,train
394,train
395,train
396,train
397,train
398,train
400,train
401,train
402,test
403,validation
405,test
406,validation
409,validation
411,validation
412,train
413,train
414,test
415,validation
417,train
418,train
419,train
420,train
421,train
422,train
423,train
425,train
426,train
428,train
429,train
431,train
432,test
433,train
434,train
435,train
438,train
439,test
440,test
441,validation
442,train
443,train
444,train
445,validation
446,test
447,train
448,train
449,train
451,train
452,test
453,train
454,train
455,test
456,train
457,validation
458,test
459,test
460,train
461,validation
462,train
464,train
465,train
467,test
468,train
470,train
471,validation
473,train
474,validation
475,test
476,validation
477,train
478,train
479,train
480,test
481,test
482,train
483,train
484,validation
485,validation
486,train
487,train
488,train
489,validation
490,train
491,train
492,train
493,train
494,train
495,train
496,test
497,validation
498,train
501,train
502,train
503,test
505,train
506,validation
507,test
508,train
511,train
512,train
513,validation
514,train
515,train
516,train
517,train
518,train
520,train
521,test
522,train
523,train
524,train
526,train
527,validation
528,train
530,test
531,validation
532,test
533,train
535,train
536,train
537,test
538,train
539,validation
540,test
541,train
542,test
543,train
544,train
547,train
548,train
549,validation
550,train
551,train
552,train
553,test
554,train
555,test
556,validation
557,train
558,train
559,train
560,train
561,train
562,train
563,test
564,train
565,train
566,train
567,train
568,validation
569,train
571,train
572,train
573,validation
574,train
575,train
576,validation
580,train
581,train
582,train
583,test
584,test
585,train
588,validation
589,train
590,train
591,train
592,train
595,train
596,train
598,train
599,train
600,validation
601,train
602,train
603,test
604,test
605,train
606,test
609,validation
611,train
612,train
613,train
614,train
615,train
616,test
617,train
618,train
619,train
620,train
622,train
623,train
624,train
625,train
626,validation
627,train
628,train
629,train
630,validation
631,train
632,train
634,train
635,train
636,train
637,train
638,test
639,train
640,validation
641,validation
642,train
643,train
644,train
645,test
647,train
649,train
650,train
651,test
652,train
653,train
654,train
655,train
658,train
659,train
661,train
662,train
663,train
665,validation
668,validation
669,train
670,train
671,train
672,train
673,train
674,train
675,train
676,train
677,train
678,train
679,train
681,train
682,train
683,train
684,test
685,train
686,train
687,validation
688,train
689,test
690,train
691,train
692,train
693,train
694,train
697,train
698,train
699,train
700,train
701,train
703,train
704,test
705,validation
707,train
708,train
709,test
710,train
711,train
712,train
713,train
714,test
716,validation
717,test
718,train
719,train
720,train
721,train
722,train
723,train
724,train
725,train
726,test
727,train
728,test
729,validation
730,train
731,test
732,test
733,train
735,train
736,validation
738,train
741,train
742,test
743,train
744,train
745,train
747,train
748,train
749,train
750,train
751,train
753,train
754,train
755,test
756,train
757,train
758,validation
759,train
760,train
761,validation
762,train
763,train
764,test
765,train
766,train
767,validation
768,train
769,test
770,test
772,train
773,train
774,train
775,train
776,test
777,train
779,train
782,train
785,train
786,train
787,train
788,train
789,train
790,train
792,train
795,train
796,test
798,validation
799,train
800,train
801,train
802,train
803,train
804,train
805,validation
806,train
807,train
808,train
809,train
810,validation
811,train
813,test
814,train
815,train
816,train
817,train
818,validation
819,train
820,train
821,train
822,validation
823,train
825,validation
826,test
827,train
828,validation
829,train
832,train
833,validation
834,train
835,train
836,train
837,train
838,validation
839,train
840,validation
841,train
842,train
846,train
847,train
848,train
849,train
850,train
851,train
853,train
855,train
858,validation
859,validation
860,train
863,test
866,test
867,train
868,test
869,validation
871,train
872,validation
873,validation
875,validation
876,train
877,train
878,train
881,train
883,train
884,train
885,train
886,train
887,train
889,train
890,train
891,train
892,train
893,train
894,validation
895,train
896,train
898,train
899,test
900,test
901,train
902,train
903,validation
904,train
906,train
908,train
909,train
911,train
912,train
913,train
914,train
915,train
916,test
917,train
919,test
920,train
921,validation
922,train
923,test
924,train
928,test
930,train
931,train
932,train
934,validation
935,test
936,validation
937,train
938,validation
939,test
940,train
941,validation
942,train
944,validation
945,train
946,test
947,train
948,validation
950,train
951,train
953,train
954,test
955,train
957,train
958,train
960,train
962,train
963,test
964,train
965,train
966,train
967,test
968,train
969,train
970,train
971,test
974,train
975,validation
976,train
977,test
978,train
980,train
981,train
982,validation
983,train
985,train
987,train
988,validation
989,train
990,train
991,train
992,test
993,validation
994,train
995,test
996,validation
997,test
998,test
999,train
1000,train
1001,train
1002,train
1003,validation
1004,test
1005,train
1007,train
1008,train
1009,train
1012,train
1013,train
1014,train
1015,train
1016,test
1017,train
1018,test
1020,train
1021,train
1022,train
1024,train
1025,train
1026,validation
1027,train
1029,train
1030,validation
1031,train
1032,train
1033,test
1034,test
1035,train
1036,validation
1038,validation
1040,train
1041,validation
1042,test
1043,train
1044,validation
1045,validation
1046,train
1047,test
1048,test
1049,train
1050,test
1051,train
1052,validation
1053,train
1054,test
1056,test
1057,test
1058,test
1059,train
1060,train
1061,validation
1062,validation
1063,train
1066,test
1067,train
1069,train
1070,validation
1071,train
1072,train
1073,train
1074,train
1075,train
1078,train
1079,train
1080,train
1082,train
1083,test
1085,train
1086,train
1088,train
1089,validation
1090,train
1091,train
1092,train
1093,validation
1095,train
1096,train
1097,test
1098,train
1099,validation
1101,validation
1102,train
1103,test
1104,train
1105,test
1106,train
1108,train
1109,test
1110,train
1111,train
1112,test
1113,train
1114,train
1116,train
1117,train
1118,train
1119,train
1121,train
1122,train
1124,train
1125,train
1126,test
1128,validation
1130,train
1131,train
1132,test
1133,train
1134,train
1135,train
1136,validation
1137,train
1138,train
1140,train
1141,validation
1142,validation
1144,validation
1145,train
1146,test
1148,train
1150,train
1153,train
1154,test
1156,train
1157,validation
1158,test
1159,train
1160,train
1161,train
1162,validation
1163,test
1164,train
1165,train
1166,validation
1167,validation
1169,test
1170,train
1174,test
1175,train
1176,train
1177,train
1178,validation
1179,train
1180,train
1181,train
1184,train
1185,train
1186,train
1187,train
1188,train
1189,test
1190,train
1191,train
1192,validation
1193,train
1194,train
1195,train
1197,validation
1198,train
1199,test
1202,train
1203,train
1205,train
1207,train
1208,train
1209,train
1210,test
1211,train
1212,train
1213,validation
1215,test
1217,train
1218,train
1220,train
1221,test
1222,train
1223,train
1224,test
1225,test
1226,train
1227,train
1228,validation
1229,train
1230,validation
1231,train
1233,train
1234,test
1235,test
1236,train
1238,validation
1239,validation
1240,validation
1241,train
1242,train
1244,train
1245,train
1246,train
1247,validation
1248,train
1249,train
1250,train
1251,train
1252,train
1253,test
1254,validation
1255,train
1256,test
1257,test
1260,train
1261,train
1262,train
1263,test
1265,test
1266,validation
1267,train
1268,train
1270,train
1271,test
1272,train
1273,train
1274,train
1276,train
1277,test
1278,train
1280,validation
1281,train
1282,train
1283,train
1284,validation
1285,validation
1286,train
1288,test
1289,train
1290,train
1291,test
1292,train
1293,test
1294,test
1296,test
1297,train
1298,train
1299,train
1300,train
1302,train
1303,train
1304,validation
1305,validation
1306,train
1307,train
1308,train
1309,test
1310,validation
1311,validation
1313,train
1315,train
1316,train
1317,train
1318,train
1319,train
1320,test
1322,train
1324,train
1325,train
1326,train
1327,train
1329,test
1331,train
1332,test
1333,train
1334,test
1335,test
1337,train
1338,train
1340,validation
1341,test
1342,validation
1345,validation
1346,validation
1347,train
1348,train
1352,validation
1353,train
1354,validation
1355,train
1358,train
1360,test
1361,train
1362,train
1363,validation
1364,train
1365,validation
1366,train
1367,train
1368,train
1369,train
1370,train
1371,validation
1372,train
1373,train
1374,train
1375,train
1376,train
1378,train
1379,train
1380,train
1381,train
1382,train
1383,train
1384,validation
1385,train
1386,train
1387,test
1389,train
1390,train
1391,train
1392,validation
1393,validation
1394,validation
1395,train
1396,test
1398,train
1400,train
1404,train
1406,train
1409,validation
1410,train
1412,train
1413,train
1415,test
1416,validation
1418,train
1419,test
1420,train
1421,train
1422,train
1423,validation
1425,train
1426,test
1427,test
1428,train
1429,train
1430,test
1431,train
1432,train
1437,train
1438,train
1440,train
1441,train
1442,train
1443,test
1444,train
1445,train
1446,train
1448,train
1449,train
1450,train
1453,train
1454,validation
1455,validation
1456,test
1457,train
1458,test
1459,train
1460,train
1461,train
1462,validation
1463,validation
1464,train
1465,test
1466,train
1467,train
1468,train
1470,train
1471,test
1472,validation
1474,test
1476,test
1477,train
1478,test
1479,train
1480,train
1481,train
1482,train
1483,train
1484,validation
1485,train
1486,validation
1488,train
1490,train
1491,train
1492,train
1493,train
1495,test
1496,train
1497,train
1498,validation
1499,train
1500,train
1501,train
1503,validation
1505,train
1506,train
1508,train
1509,train
1511,train
1513,test
1514,train
1516,train
1517,train
1519,train
1520,train
1521,train
1522,train
1523,train
1524,train
1525,validation
1526,test
1528,train
1529,validation
1530,train
1531,train
1532,validation
1533,train
1534,train
1535,train
1536,validation
1537,train
1538,train
1540,train
1542,validation
1543,train
1544,train
1545,validation
1546,validation
1547,validation
1548,train
1550,train
1551,train
1553,test
1554,test
1555,train
1556,train
1557,train
1559,train
1560,train
1561,train
1562,train
1563,train
1564,train
1565,train
1566,train
1568,train
1569,train
1570,train
1571,train
1572,train
1573,train
1575,test
1576,validation
1578,train
1579,train
1580,validation
1581,train
1582,train
1583,validation
1584,train
1585,train
1586,train
1587,train
1588,train
1589,train
1590,train
1592,train
1594,validation
1595,test
1596,train
1597,train
1598,test
1599,validation
1600,train
1601,train
1603,test
1604,test
1605,train
1606,train
1608,test
1609,test
1610,train
1611,train
1612,train
1613,test
1614,validation
1615,validation
1616,train
1618,train
1619,validation
1620,validation
1621,train
1622,train
1625,train
1626,test
1627,train
1628,train
1629,validation
1631,train
1632,test
1633,train
1635,train
1636,train
1638,train
1640,test
1641,validation
1643,train
1644,test
1645,test
1646,train
1647,validation
1648,train
1650,validation
1651,validation
1653,validation
1654,test
1655,train
1656,test
1657,train
1658,train
1659,train
1661,train
1662,train
1663,validation
1664,train
1665,train
1666,train
1668,train
1670,train
1672,train
1674,train
1675,train
1676,train
1677,train
1679,train
1680,train
1681,train
1682,validation
1683,test
1684,validation
1685,train
1686,test
1687,train
1688,train
1690,train
1691,train
1692,train
1695,train
1696,test
1697,train
1699,train
1700,train
1701,train
1702,train
1703,validation
1704,train
1705,validation
1706,train
1707,train
1708,validation
1709,validation
1710,validation
1711,test
1712,train
1715,test
1716,test
1717,train
1718,train
1719,test
1720,test
1721,train
1722,train
1723,train
1725,validation
1726,train
1727,train
1728,train
1729,train
1731,train
1732,train
1733,train
1734,train
1735,train
1738,test
1739,train
1740,train
1741,test
1742,train
1744,train
1745,train
1746,test
1748,train
1750,train
1751,train
1752,train
1753,train
1755,train
1756,train
1757,test
1758,validation
1759,train
1760,train
1762,validation
1763,train
1764,test
1765,train
1766,validation
1767,train
1768,train
1769,test
1771,test
1772,train
1773,validation
1774,train
1775,test
1776,validation
1777,train
1778,validation
1779,train
1780,train
1781,train
1782,train
1783,test
1784,test
1785,train
1786,train
1789,train
1790,train
1791,test
1794,train
1795,train
1796,train
1799,validation
1800,train
1802,train
1803,train
1804,validation
1805,test
1806,train
1807,validation
1809,train
1811,train
1812,train
1813,validation
1814,train
1816,train
1817,validation
1818,train
1819,test
1821,validation
1823,validation
1824,train
1825,train
1826,test
1827,train
1828,validation
1829,train
1830,train
1832,test
1833,train
1835,train
1837,test
1838,train
1839,train
1842,validation
1843,test
1844,test
1845,train
1846,train
1847,train
1848,validation
1849,train
1850,train
1852,validation
1853,train
1854,train
1856,train
1858,validation
1861,validation
1862,train
1863,train
1867,train
1868,train
1869,test
1870,train
1871,train
1873,train
1874,train
1876,train
1878,train
1879,train
1880,validation
1881,train
1882,train
1883,train
1885,validation
1886,validation
1887,validation
1888,train
1889,train
1890,validation
1891,train
1892,train
1893,train
1894,test
1896,train
1897,train
1898,test
1899,train
1900,train
1901,train
1903,train
1905,train
1906,train
1907,train
1908,train
1909,validation
1910,train
1911,train
1912,train
1913,train
1914,validation
1915,train
1916,train
1917,train
1918,train
1919,train
1920,train
1921,train
1922,train
1923,test
1924,train
1925,train
1926,train
1927,train
1928,train
1929,train
1931,train
1932,train
1933,train
1934,train
1935,test
1936,train
1937,train
1938,train
1939,train
1940,validation
1942,test
1943,test
1945,validation
1946,train
1947,train
1948,test
1949,train
1950,validation
1951,train
1952,validation
1953,train
1954,train
1955,train
1956,train
1958,train
1959,validation
1960,train
1961,validation
1962,train
1965,test
1966,train
1967,validation
1968,train
1969,train
1971,train
1972,train
1973,test
1975,train
1976,test
1977,train
1978,train
1979,test
1980,train
1981,train
1982,train
1983,train
1984,validation
1985,train
1986,test
1987,test
1988,train
1989,train
1990,train
1991,train
1992,train
1993,test
1995,train
1996,train
1998,train
1999,train
2000,train
2002,train
2003,test
2004,train
2005,train
2006,train
2007,train
2010,test
2011,train
2012,train
2013,train
2014,train
2015,validation
2017,validation
2018,train
2019,validation
2020,train
2021,train
2022,train
2023,train
2024,train
2025,train
2026,train
2027,validation
2028,train
2029,train
2030,train
2031,train
2032,train
2033,train
2034,test
2035,validation
2037,validation
2038,validation
2039,validation
2040,train
2041,train
2042,validation
2043,train
2044,train
2045,train
2046,validation
2047,train
2048,train
2049,test
2050,test
2053,test
2055,train
2056,train
2057,train
2058,test
2060,test
2061,train
2062,test
2063,test
2064,validation
2065,train
2066,test
2068,train
2070,train
2071,test
2072,train
2073,train
2074,train
2075,train
2076,train
2077,train
2078,train
2079,train
2081,validation
2082,train
2083,test
2084,train
2085,train
2087,validation
2088,train
2089,train
2092,train
2093,train
2094,train
2095,train
2096,validation
2097,train
2098,train
2099,train
2100,train
2101,train
2102,train
2103,train
2104,test
2105,train
2107,train
2108,test
2109,test
2110,train
2112,train
2113,train
2114,train
2115,validation
2116,train
2117,train
2120,train
2122,train
2123,train
2125,train
2126,test
2127,train
2128,train
2129,train
2130,validation
2131,train
2132,validation
2133,train
2134,train
2136,test
2137,test
2138,validation
2139,train
2140,train
2141,train
2143,train
2144,train
2145,train
2146,train
2147,train
2148,train
2149,train
2150,validation
2151,train
2152,train
2153,train
2154,train
2155,test
2157,test
2158,train
2160,validation
2161,test
2162,train
2163,train
2164,test
2165,train
2166,validation
2167,validation
2168,train
2169,validation
2171,train
2172,train
2173,test
2174,train
2175,train
2176,train
2177,train
2178,train
2179,train
2180,train
2181,test
2182,train
2183,train
2184,train
2186,train
2187,train
2188,test
2189,test
2190,train
2191,train
2192,train
2193,train
2194,train
2195,train
2197,train
2198,train
2199,validation
2200,test
2202,train
2203,test
2204,validation
2205,train
2206,train
2207,train
2208,validation
2209,validation
2210,test
2211,train
2212,train
2213,train
2214,train
2215,train
2216,train
2218,validation
2219,train
2220,test
2222,train
2224,train
2226,validation
2227,train
2228,train
2229,test
2230,train
2231,validation
2232,train
2234,validation
2235,train
2236,train
2237,test
2238,test
2239,train
2241,train
2242,train
2244,train
2245,validation
2246,test
2248,train
2249,train
2250,train
2251,train
2253,train
2256,train
2257,train
2259,train
2260,train
2261,train
2262,validation
2263,train
2264,train
2265,train
2268,train
2269,train
2270,train
2271,train
2272,train
2274,train
2275,test
2276,train
2277,train
2278,train
2279,train
2280,train
2281,validation
2282,train
2283,train
2284,test
2286,test
2287,train
2288,train
2291,train
2292,train
2294,train
2295,validation
2296,test
2297,train
2298,train
2302,test
2303,train
2304,train
2305,train
2306,train
2307,train
2309,train
2310,validation
2311,train
2312,train
2313,test
2314,train
2315,train
2316,validation
2317,test
2318,train
2319,test
2320,test
2323,train
2324,train
2325,train
2326,train
2327,train
2328,test
2329,train
2330,train
2331,test
2332,train
2333,train
2334,train
2335,train
2336,validation
2337,train
2338,train
2339,train
2341,validation
2342,train
2343,train
2345,validation
2347,test
2348,train
2350,test
2351,validation
2352,train
2353,train
2354,train
2355,train
2356,validation
2357,validation
2358,train
2359,train
2360,train
2361,train
2362,train
2363,train
2364,train
2368,train
2369,train
2370,train
2371,train
2374,train
2376,train
2377,validation
2379,train
2380,train
2381,train
2384,test
2385,train
2386,train
2387,validation
2388,train
2389,train
2390,train
2391,train
2393,validation
2394,train
2395,train
2397,train
2400,test
2401,train
2402,train
2403,train
2405,train
2406,test
2407,train
2410,train
2411,train
2412,train
2414,train
2416,train
2419,train
2421,train
2423,validation
2424,validation
2425,train
2426,train
2428,train
2430,train
2433,train
2434,train
2435,validation
2436,train
2438,test
2439,train
2440,validation
2443,train
2444,validation
2445,train
2446,train
2447,train
2450,validation
2451,train
2453,train
2454,train
2455,train
2458,train
2459,train
2460,train
2461,train
2462,train
2463,validation
2465,validation
2466,train
2468,train
2469,train
2470,train
2473,train
2474,test
2475,train
2477,train
2478,validation
2479,train
2481,test
2482,test
2483,train
2486,train
2487,train
2488,train
2489,test
2490,train
2491,train
2492,train
2493,train
2494,train
2495,train
2496,train
2497,train
2498,train
2500,test
2501,train
2502,test
2504,test
2505,train
2506,train
2510,train
2511,train
2512,train
2513,train
2515,train
2516,train
2517,test
2518,train
2519,train
2520,train
2521,validation
2522,train
2524,test
2525,train
2527,train
2528,train
2530,train
2531,train
2532,train
2539,train
2542,train
2543,train
2545,test
2546,validation
2547,validation
2548,train
2549,train
2550,test
2551,train
2552,validation
2553,train
2554,validation
2555,train
2556,train
2558,train
2559,train
2560,train
2561,validation
2562,validation
2563,train
2564,train
2566,validation
2567,train
2568,test
2569,train
2570,test
2571,test
2572,train
2573,test
2575,train
2576,train
2578,train
2579,train
2580,test
2581,train
2582,train
2585,train
2586,train
2587,test
2588,train
2591,train
2592,train
2593,train
2595,train
2596,validation
2597,train
2599,validation
2600,test
2601,validation
2602,train
2603,train
2604,train
2606,train
2607,train
2608,train
2609,train
2610,train
2611,test
2612,train
2615,train
2617,train
2618,validation
2619,train
2620,validation
2623,train
2625,train
2626,train
2628,validation
2629,train
2630,train
2631,train
2632,test
2633,train
2634,train
2635,test
2638,train
2639,validation
2640,train
2641,validation
2642,test
2645,test
2646,train
2647,train
2648,validation
2650,validation
2652,test
2653,train
2654,train
2655,test
2656,train
2657,test
2659,validation
2660,train
2661,train
2662,test
2663,validation
2664,train
2665,train
2666,train
2669,train
2670,validation
2671,train
2672,train
2673,train
2674,train
2675,train
2676,train
2678,train
2679,validation
2680,train
2681,train
2682,train
2683,train
2684,train
2685,train
2686,train
2687,train
2688,test
2691,train
2694,test
2696,train
2698,test
2699,test
2700,test
2701,validation
2703,train
2704,test
2705,test
2708,train
2709,train
2710,train
2711,train
2712,train
2714,train
2715,validation
2716,train
2717,train
2718,train
2719,train
2720,train
2721,train
2722,test
2723,train
2726,train
2729,train
2730,validation
2731,train
2732,train
2733,train
2734,test
2735,validation
2736,train
2737,train
2738,train
2740,train
2741,train
2743,test
2745,train
2746,train
2748,validation
2749,train
2750,train
2751,validation
2752,validation
2753,train
2754,train
2755,train
2756,train
2757,train
2758,train
2759,train
2761,test
2762,test
2763,test
2765,train
2766,validation
2767,train
2768,test
2769,train
2770,train
2772,validation
2774,test
2775,train
2776,train
2778,train
2779,train
2780,test
2782,train
2783,train
2784,train
2785,validation
2786,train
2787,train
2790,train
2791,train
2793,validation
2794,train
2796,validation
2797,train
2798,train
2799,train
2801,train
2802,train
2803,train
2804,train
2805,train
2806,train
2807,train
2808,train
2809,train
2810,train
2811,train
2812,train
2813,validation
2816,train
2817,test
2819,train
2820,train
2821,train
2822,train
2823,train
2824,train
2825,train
2826,test
2827,train
2828,train
2830,test
2832,train
2833,validation
2834,train
2835,train
2837,validation
2838,train
2841,train
2844,test
2845,train
2846,train
2847,test
2848,train
2849,train
2850,test
2851,validation
2852,test
2853,train
2854,train
2855,train
2858,test
2859,test
2860,train
2861,test
2862,train
2863,train
2864,train
2865,train
2867,validation
2868,train
2870,train
2871,train
2872,train
2873,train
2874,validation
2876,train
2877,train
2878,test
2879,train
2880,train
2881,train
2882,train
2883,train
2884,train
2885,train
2887,validation
2888,train
2889,train
2890,train
2891,train
2892,train
2893,train
2894,validation
2895,train
2896,train
2897,train
2899,train
2901,validation
2903,train
2904,train
2905,train
2906,train
2907,train
2908,validation
2909,validation
2910,train
2911,train
2912,train
2913,train
2914,validation
2916,train
2919,train
2920,train
2921,train
2922,train
2923,train
2924,validation
2925,train
2926,train
2927,train
2928,train
2929,test
2932,validation
2933,validation
2934,train
2935,train
2938,validation
2939,train
2940,train
2941,validation
2942,train
2943,train
2944,train
2945,test
2946,train
2947,train
2948,train
2949,train
2950,test
2951,test
2952,validation
2953,train
2954,validation
2955,train
2956,train
2957,test
2958,train
2959,validation
2960,validation
2961,train
2963,train
2964,validation
2965,train
2966,train
2967,train
2968,train
2970,train
2971,train
2972,train
2973,train
2975,train
2976,train
2977,train
2978,train
2979,test
2982,train
2984,train
2985,train
2986,test
2987,train
2988,train
2990,validation
2993,test
2994,test
2998,train
2999,validation
3000,train
3004,train
3005,test
3007,train
3008,train
3009,train
3010,validation
3011,train
3012,train
3014,train
3016,test
3017,train
3018,train
3019,train
3020,test
3021,train
3022,train
3024,train
3025,train
3026,test
3027,train
3028,test
3030,train
3031,train
3032,train
3033,train
3034,test
3035,train
3039,train
3040,validation
3041,train
3043,validation
3044,train
3045,train
3046,train
3048,train
3049,validation
3052,train
3053,train
3054,train
3056,train
3057,validation
3058,train
3059,train
3060,validation
3062,train
3063,train
3067,train
3068,train
3070,train
3071,train
3073,train
3074,train
3077,validation
3078,train
3079,train
3080,train
3082,train
3083,test
3085,test
3086,test
3087,train
3088,train
3090,train
3092,train
3094,train
3095,train
3096,validation
3097,train
3098,validation
3099,train
3100,train
3102,validation
3105,test
3107,validation
3108,train
3110,test
3111,train
3112,test
3113,train
3114,validation
3115,train
3116,train
3118,train
3120,train
3122,validation
3123,train
3124,train
3126,train
3127,train
3128,train
3131,train
3132,validation
3134,train
3135,train
3136,train
3137,validation
3139,validation
3141,train
3142,train
3143,test
3145,train
3146,train
3147,test
3148,validation
3149,validation
3150,train
3151,train
3152,train
3153,test
3154,train
3155,train
3156,train
3157,validation
3158,train
3159,validation
3161,train
3162,train
3164,train
3165,train
3166,test
3167,train
3168,validation
3169,test
3171,train
3172,train
3173,train
3174,train
3175,train
3176,train
3177,train
3178,train
3180,train
3181,validation
3182,train
3184,train
3185,train
3186,train
3187,train
3188,train
3189,test
3192,train
3193,train
3194,train
3195,test
3196,train
3197,validation
3198,train
3199,test
3200,train
3201,train
3202,train
3203,test
3204,train
3205,validation
3206,validation
3208,train
3209,train
3210,test
3212,train
3215,test
3216,train
3217,validation
3218,validation
3219,train
3220,train
3221,validation
3222,train
3223,train
3226,test
3228,train
3229,train
3230,test
3231,train
3232,train
3233,train
3234,test
3235,validation
3236,train
3237,train
3239,train
3240,train
3241,validation
3242,validation
3243,test
3244,train
3245,train
3246,train
3248,train
3249,train
3250,train
3251,train
3252,train
3253,test
3254,train
3255,validation
3256,train
3257,test
3258,train
3259,train
3261,test
3262,test
3263,train
3264,train
3265,train
3266,validation
3269,train
3270,train
3271,validation
3272,test
3274,train
3275,train
3276,validation
3277,validation
3279,test
3280,test
3281,train
3282,test
3283,train
3285,train
3286,train
3288,train
3289,train
3290,train
3291,train
3293,validation
3294,train
3295,train
3296,train
3297,train
3298,train
3299,train
3300,train
3303,train
3304,train
3305,validation
3306,train
3307,train
3309,train
3310,validation
3312,train
3313,validation
3314,test
3315,train
3317,test
3318,train
3319,train
3320,train
3321,train
3322,train
3323,train
3324,test
3326,train
3327,train
3329,train
3330,test
3331,validation
3332,train
3333,test
3334,train
3335,train
3337,train
3338,train
3340,test
3341,train
3342,train
3343,train
3344,train
3345,test
3346,test
3347,test
3348,train
3349,train
3351,train
3352,train
3353,train
3354,test
3355,train
3356,train
3358,train
3359,train
3360,train
3361,train
3362,test
3363,validation
3364,validation
3365,train
3366,train
3367,train
3368,train
3370,train
3371,validation
3372,train
3373,test
3374,train
3375,train
3376,train
3377,train
3378,train
3381,test
3382,train
3384,train
3387,test
3388,train
3390,train
3392,train
3393,train
3394,validation
3395,validation
3396,train
3398,train
3399,validation
3400,validation
3401,train
3402,train
3403,train
3404,train
3405,train
3406,test
3407,train
3408,test
3409,train
3410,train
3411,test
3412,test
3413,train
3414,test
3415,train
3416,train
3417,train
3418,test
3419,train
3420,validation
3421,test
3422,train
3424,train
3425,train
3426,train
3428,validation
3429,train
3430,train
3432,validation
3433,train
3434,train
3435,train
3437,train
3439,train
3441,train
3442,train
3443,train
3444,train
3445,train
3446,test
3447,train
3448,train
3449,train
3453,validation
3454,train
3456,test
3458,validation
3459,train
3460,train
3463,validation
3464,validation
3465,train
3466,train
3467,validation
3468,train
3470,train
3471,train
3472,train
3473,train
3476,train
3478,train
3480,train
3481,train
3482,validation
3483,test
3485,train
3486,train
3488,train
3489,train
3490,train
3491,validation
3492,validation
3493,train
3494,validation
3496,validation
3497,validation
3499,train
3500,train
3501,train
3502,train
3503,train
3504,train
3505,train
3506,train
3507,train
3508,test
3509,train
3511,train
3513,train
3514,validation
3515,validation
3516,train
3517,test
3518,train
3520,validation
3521,train
3522,train
3523,train
3525,validation
3526,train
3527,train
3530,train
3532,validation
3533,train
3535,train
3537,train
3538,train
3539,test
3540,train
3542,train
3543,train
3544,train
3545,train
3547,test
3548,train
3550,train
3551,train
3552,train
3553,train
3554,validation
3555,test
3557,train
3558,train
3559,train
3560,train
3561,test
3562,train
3563,train
3565,train
3566,validation
3567,validation
3569,train
3570,train
3571,validation
3572,train
3574,train
3575,train
3576,train
3577,train
3578,validation
3579,train
3580,train
3583,train
3584,train
3585,train
3586,train
3588,train
3589,train
3591,train
3593,train
3594,train
3595,validation
3596,test
3597,train
3598,train
3599,validation
3600,train
3601,train
3602,train
3603,validation
3604,train
3606,train
3607,train
3608,train
3609,validation
3612,train
3614,train
3615,train
3616,train
3617,train
3619,train
3620,train
3621,train
3622,train
3623,train
3624,test
3625,validation
3626,test
3627,validation
3628,train
3629,test
3630,train
3631,validation
3632,train
3633,train
3634,train
3635,train
3637,train
3638,test
3641,test
3642,train
3643,train
3644,train
3645,validation
3646,train
3647,validation
3648,train
3649,train
3650,train
3652,validation
3653,train
3654,train
3655,train
3656,train
3657,train
3658,train
3659,train
3661,train
3662,train
3663,train
3664,train
3665,validation
3666,train
3668,train
3669,test
3670,validation
3671,train
3672,train
3673,validation
3674,train
3675,train
3676,validation
3677,validation
3679,validation
3680,train
3681,train
3682,train
3683,test
3684,train
3686,train
3687,validation
3688,validation
3689,train
3690,train
3691,validation
3692,train
3693,train
3694,train
3695,test
3696,test
3698,train
3699,train
3700,train
3701,train
3704,test
3705,train
3706,train
3707,train
3708,test
3709,train
3710,test
3711,train
3712,train
3713,test
3714,train
3716,train
3717,train
3719,train
3720,train
3721,train
3723,train
3725,train
3726,train
3727,train
3729,train
3730,validation
3731,train
3732,test
3733,train
3734,validation
3735,train
3736,train
3737,test
3738,train
3739,train
3742,test
3743,train
3744,train
3746,train
3747,train
3749,validation
3750,train
3751,train
3752,train
3753,validation
3754,train
3755,train
3756,train
3757,train
3758,train
3759,validation
3760,train
3761,train
3762,train
3763,train
3764,train
3765,train
3767,train
3768,train
3769,train
3770,train
3771,train
3772,train
3774,train
3775,validation
3776,train
3778,validation
3780,train
3781,train
3782,train
3783,validation
3784,train
3785,test
3786,test
3787,train
3788,train
3789,train
3790,train
3791,test
3793,test
3794,train
3795,train
3796,train
3798,train
3799,validation
3800,train
3801,train
3803,train
3805,train
3806,test
3807,train
3808,test
3809,train
3810,test
3811,train
3812,train
3814,train
3816,train
3817,train
3818,train
3819,train
3820,train
3822,validation
3824,validation
3825,train
3826,validation
3827,train
3828,train
3829,train
3833,train
3834,train
3835,validation
3836,train
3837,train
3838,train
3839,test
3840,validation
3841,test
3842,train
3843,test
3844,train
3845,train
3846,train
3847,train
3848,train
3849,validation
3850,train
3851,validation
3852,validation
3853,train
3854,train
3855,train
3856,train
3857,train
3858,train
3859,validation
3860,train
3861,train
3862,train
3863,test
3864,train
3865,train
3866,validation
3868,train
3869,train
3870,train
3871,validation
3872,validation
3874,train
3875,train
3877,train
3878,train
3879,train
3880,train
3881,train
3882,train
3883,train
3885,train
3888,train
3889,train
3890,validation
3892,train
3893,train
3894,validation
3895,train
3896,train
3897,validation
3898,train
3899,test
3900,validation
3901,train
3902,train
3904,validation
3905,train
3906,train
3907,train
3908,train
3909,train
3910,train
3911,train
3912,train
3913,train
3914,train
3915,train
3916,train
3917,test
3918,train
3919,test
3920,train
3921,train
3922,train
3923,train
3924,train
3926,train
3927,test
3928,train
3929,train
3931,train
3932,train
3933,validation
3937,train
3938,train
3939,validation
3940,train
3941,train
3942,test
3944,test
3945,train
3948,train
3950,validation
3951,train
3952,train
3953,train
3957,train
3959,train
3964,train
3965,train
3966,train
3967,train
3968,train
3969,train
3970,train
3971,train
3973,train
3974,train
3975,train
3976,validation
3977,train
3978,train
3980,train
3981,train
3983,validation
3986,test
3987,train
3988,train
3989,train
3991,validation
3992,train
3993,train
3994,train
3996,test
3997,train
3998,train
4003,train
4004,test
4005,train
4006,train
4007,train
4008,train
4010,test
4011,train
4012,train
4014,train
4016,validation
4017,test
4018,train
4020,train
4021,train
4023,test
4024,train
4025,train
4026,train
4027,validation
4028,test
4029,validation
4030,train
4031,train
4033,test
4034,validation
4035,train
4036,train
4037,train
4038,train
4039,train
4040,test
4044,train
4045,train
4047,train
4048,train
4050,train
4051,train
4052,train
4053,train
4054,train
4056,test
4057,test
4058,train
4059,train
4060,train
4061,train
4062,validation
4064,validation
4065,validation
4066,train
4067,train
4068,train
4069,test
4070,validation
4071,test
4072,train
4073,train
4074,validation
4075,train
4076,train
4077,train
4078,validation
4080,test
4081,validation
4082,train
4083,validation
4084,train
4086,train
4087,validation
4089,train
4090,train
4093,train
4095,train
4096,test
4097,train
4098,test
4099,train
4100,train
4101,train
4102,train
4104,test
4105,test
4106,test
4107,train
4108,validation
4109,train
4110,train
4111,train
4112,train
4114,train
4115,validation
4116,test
4117,train
4119,train
4120,train
4121,validation
4122,train
4124,validation
4125,validation
4126,validation
4127,validation
4128,train
4129,train
4131,validation
4132,train
4133,train
4134,train
4135,train
4137,train
4138,train
4140,train
4142,train
4143,train
4144,train
4145,train
4146,validation
4147,train
4148,train
4149,train
4151,train
4153,train
4155,test
4156,train
4158,validation
4160,train
4161,train
4162,test
4163,train
4164,train
4165,train
4167,test
4168,train
4169,train
4172,train
4173,train
4174,validation
4175,train
4176,validation
4177,train
4178,train
4179,test
4180,train
4182,train
4183,train
4185,train
4186,test
4187,train
4188,train
4189,train
4190,test
4191,test
4192,train
4193,test
4195,train
4196,train
4197,validation
4198,validation
4199,train
4200,train
4201,validation
4202,validation
4204,train
4206,validation
4207,train
4208,validation
4209,train
4210,train
4211,train
4212,train
4213,validation
4215,validation
4217,train
4218,train
4219,train
4222,train
4224,validation
4225,train
4226,train
4227,train
4228,train
4230,train
4232,test
4233,test
4235,test
4237,train
4238,train
4239,train
4240,train
4241,train
4242,train
4243,test
4246,train
4247,train
4248,validation
4250,test
4251,train
4252,train
4253,train
4254,test
4255,test
4257,train
4258,validation
4259,train
4260,train
4261,train
4263,test
4264,train
4265,train
4266,train
4267,train
4268,train
4270,train
4271,test
4272,train
4274,train
4275,train
4276,test
4277,train
4278,train
4279,train
4282,validation
4283,train
4284,train
4285,train
4288,train
4289,train
4290,train
4291,train
4293,train
4294,train
4295,train
4296,train
4297,train
4298,validation
4299,train
4300,train
4301,train
4302,train
4303,train
4304,train
4306,train
4308,test
4310,validation
4311,train
4312,validation
4313,test
4314,train
4315,train
4316,test
4317,test
4318,train
4319,test
4320,train
4321,train
4322,train
4323,train
4324,train
4325,train
4326,train
4327,train
4329,train
4330,test
4331,train
4332,train
4334,train
4335,test
4336,test
4338,test
4340,train
4341,train
4342,train
4344,train
4345,test
4346,train
4348,train
4349,train
4350,train
4352,train
4353,train
4354,train
4355,train
4356,train
4359,train
4360,validation
4361,test
4362,validation
4366,train
4367,test
4368,train
4370,train
4371,train
4375,train
4376,train
4377,test
4378,train
4379,test
4380,validation
4381,validation
4384,train
4385,train
4386,test
4387,test
4388,train
4389,train
4390,train
4391,validation
4393,validation
4394,train
4395,train
4396,train
4397,validation
4398,validation
4399,train
4400,train
4401,test
4402,train
4403,validation
4407,train
4408,train
4409,train
4411,validation
4412,train
4413,train
4414,train
4415,train
4416,train
4419,train
4420,test
4421,train
4422,train
4423,validation
4425,train
4426,train
4427,train
4429,train
4430,train
4431,train
4432,train
4434,train
4435,validation
4436,train
4438,train
4439,test
4440,train
4442,train
4444,train
4445,train
4446,validation
4447,train
4448,validation
4449,train
4450,validation
4451,train
4453,train
4454,validation
4455,test
4457,train
4458,train
4459,train
4460,test
4461,train
4462,train
4464,train
4465,train
4467,validation
4468,test
4469,train
4470,train
4471,train
4472,validation
4473,train
4474,train
4475,validation
4476,test
4477,train
4479,train
4480,validation
4481,validation
4482,train
4483,validation
4485,train
4486,train
4487,train
4488,validation
4489,train
4490,validation
4491,train
4492,train
4493,train
4494,train
4495,train
4498,train
4499,train
4501,train
4502,validation
4504,validation
4507,train
4508,train
4509,train
4510,train
4511,train
4512,validation
4513,train
4514,test
4516,test
4517,train
4521,train
4522,train
4523,train
4528,test
4529,test
4530,test
4532,train
4533,train
4535,train
4536,train
4537,train
4538,train
4540,test
4541,train
4542,train
4543,train
4544,train
4546,train
4547,train
4548,train
4550,validation
4551,train
4552,train
4553,test
4554,train
4555,test
4556,train
4557,train
4559,train
4560,train
4561,train
4562,train
4563,test
4564,train
4565,train
4566,validation
4567,train
4568,validation
4569,test
4572,train
4573,train
4574,train
4575,train
4576,train
4577,train
4579,train
4581,test
4582,train
4583,validation
4585,train
4586,train
4587,train
4588,validation
4589,train
4590,train
4591,test
4592,test
4593,validation
4594,train
4595,train
4597,train
4598,train
4599,train
4601,train
4602,validation
4603,train
4604,train
4605,validation
4606,train
4607,train
4608,train
4609,train
4610,validation
4611,validation
4613,validation
4615,test
4616,train
4619,train
4622,train
4623,train
4624,train
4626,train
4627,train
4628,validation
4629,validation
4631,train
4632,train
4634,train
4635,train
4636,test
4637,test
4638,train
4639,train
4640,train
4641,test
4643,validation
4644,train
4645,train
4646,validation
4648,test
4649,train
4650,test
4651,train
4652,train
4653,test
4654,train
4655,train
4656,train
4657,validation
4659,train
4660,test
4661,train
4662,train
4663,train
4664,test
4666,train
4669,train
4670,train
4671,train
4672,train
4673,train
4674,test
4675,test
4676,train
4677,train
4678,train
4679,validation
4681,train
4682,validation
4684,train
4686,train
4688,train
4689,test
4692,train
4694,train
4695,train
4697,test
4698,test
4699,validation
4700,train
4703,validation
4704,train
4705,test
4706,test
4707,train
4708,train
4709,train
4710,train
4711,train
4712,test
4713,test
4714,test
4715,test
4717,validation
4718,train
4719,train
4720,validation
4721,validation
4723,train
4724,validation
4725,test
4727,train
4728,train
4729,train
4730,train
4731,train
4732,test
4736,train
4737,train
4739,validation
4740,train
4743,train
4745,train
4746,train
4747,train
4748,train
4749,test
4750,validation
4751,train
4753,train
4754,train
4755,train
4756,train
4757,train
4758,test
4762,train
4763,validation
4764,test
4765,train
4766,train
4767,train
4768,train
4769,test
4770,train
4771,test
4772,train
4773,train
4774,train
4775,train
4776,train
4777,validation
4778,train
4779,train
4780,train
4781,train
4782,train
4783,validation
4784,train
4785,validation
4787,train
4788,validation
4789,train
4790,train
4791,train
4792,train
4793,train
4794,train
4795,train
4796,train
4799,train
4800,train
4801,validation
4802,train
4803,test
4804,train
4805,train
4806,train
4809,validation
4811,validation
4812,train
4813,train
4814,train
4816,train
4817,validation
4821,train
4822,test
4824,test
4826,train
4827,train
4828,train
4829,train
4830,train
4831,test
4833,train
4834,train
4836,validation
4837,train
4838,train
4839,train
4840,train
4842,train
4843,validation
4844,test
4845,train
4848,test
4849,validation
4850,train
4851,test
4852,train
4854,train
4855,train
4857,train
4858,test
4859,train
4861,test
4862,train
4863,validation
4864,validation
4865,validation
4866,train
4868,train
4871,train
4872,train
4873,train
4874,train
4875,train
4876,train
4877,train
4878,train
4879,train
4880,train
4881,train
4882,test
4883,train
4885,train
4886,train
4887,train
4888,train
4889,validation
4890,train
4891,train
4892,train
4893,validation
4895,train
4896,train
4897,test
4898,validation
4899,train
4901,train
4903,train
4904,train
4907,validation
4908,train
4910,validation
4913,train
4914,train
4915,validation
4916,test
4917,train
4918,train
4919,train
4920,train
4921,train
4922,train
4923,test
4924,train
4925,train
4926,train
4927,train
4928,train
4929,train
4930,test
4931,train
4932,test
4933,validation
4934,train
4935,train
4936,train
4937,train
4939,train
4941,validation
4942,test
4943,train
4944,train
4945,train
4946,train
4947,validation
4948,train
4950,train
4951,test
4952,test
4953,train
4954,train
4956,train
4957,train
4958,train
4960,train
4963,test
4964,validation
4966,train
4969,train
4970,validation
4971,train
4973,train
4974,validation
4975,test
4976,test
4977,test
4978,train
4979,train
4980,train
4981,train
4982,train
4983,test
4984,train
4985,train
4987,train
4988,train
4989,test
4990,train
4991,train
4992,train
4993,validation
4994,train
4995,validation
4996,train
4997,train
4998,train
5003,train
5004,train
5005,train
5007,test
5009,train
5010,train
5011,train
5012,train
5014,validation
5017,train
5018,train
5019,validation
5020,train
5021,validation
5022,test
5024,train
5025,train
5026,train
5027,train
5028,train
5029,train
5031,test
5033,train
5034,test
5035,train
5036,train
5037,train
5038,train
5039,test
5040,train
5041,train
5042,train
5043,train
5044,train
5045,test
5046,test
5047,train
5048,train
5051,train
5052,train
5053,test
5054,validation
5055,train
5057,train
5058,train
5059,train
5060,train
5061,train
5062,train
5063,test
5064,validation
5065,train
5066,train
5068,test
5069,train
5071,test
5072,train
5073,train
5074,validation
5075,validation
5076,train
5078,train
5079,validation
5080,train
5081,test
5082,train
5083,validation
5084,train
5085,train
5087,validation
5088,train
5089,test
5090,train
5092,test
5093,validation
5095,test
5097,validation
5098,validation
5099,train
5100,train
5101,train
5102,train
5104,train
5105,test
5106,train
5108,train
5109,train
5110,train
5111,test
5112,train
5113,train
5115,train
5116,train
5117,train
5118,test
5119,train
5120,train
5121,train
5122,train
5123,validation
5124,train
5125,train
5127,validation
5128,train
5129,train
5131,validation
5132,test
5133,train
5134,train
5135,validation
5136,test
5137,train
5138,validation
5139,train
5140,train
5141,test
5145,train
5146,train
5147,train
5148,train
5149,train
5150,train
5152,train
5153,validation
5154,validation
5156,test
5157,train
5158,train
5160,train
5161,train
5162,test
5163,test
5164,train
5165,train
5167,train
5168,train
5169,train
5170,train
5171,validation
5172,train
5173,validation
5174,validation
5175,train
5176,test
5177,train
5178,train
5179,train
5180,train
5182,validation
5183,train
5185,train
5186,train
5187,validation
5188,train
5189,train
5190,validation
5191,train
5192,validation
5193,train
5194,train
5195,train
5196,train
5197,validation
5198,train
5200,train
5201,validation
5202,train
5203,train
5204,train
5205,train
5206,train
5207,test
5209,validation
5210,validation
5211,train
5212,train
5214,train
5215,test
5216,train
5217,train
5218,test
5219,train
5220,train
5221,validation
5223,train
5224,validation
5225,test
5226,train
5228,train
5229,train
5230,train
5231,train
5233,test
5234,train
5237,train
5238,train
5239,train
5241,train
5242,test
5243,train
5244,test
5245,train
5247,validation
5249,train
5250,train
5251,train
5253,train
5254,test
5256,train
5257,test
5258,train
5259,train
5260,test
5262,train
5265,train
5266,train
5267,train
5268,train
5269,train
5270,train
5271,train
5273,test
5274,train
5275,validation
5276,validation
5278,train
5280,train
5281,train
5282,test
5283,train
5284,train
5285,train
5287,test
5288,train
5289,train
5290,train
5291,train
5292,train
5293,train
5294,train
5296,train
5297,train
5300,validation
5301,test
5303,train
5304,train
5305,test
5306,train
5307,train
5308,train
5309,train
5310,train
5311,train
5313,train
5315,test
5316,train
5317,validation
5319,test
5321,validation
5322,train
5323,train
5326,train
5327,train
5328,train
5330,validation
5331,train
5332,train
5333,train
5334,train
5335,train
5336,train
5337,validation
5338,train
5340,train
5341,test
5342,train
5343,train
5345,train
5346,train
5347,train
5348,train
5349,train
5350,train
5353,train
5357,train
5359,train
5360,validation
5361,train
5364,train
5365,train
5366,train
5367,test
5369,train
5371,train
5372,train
5373,train
5378,train
5379,train
5380,test
5382,train
5384,train
5386,train
5387,train
5388,train
5391,train
5395,train
5397,validation
5398,train
5399,test
5400,validation
5401,validation
5402,train
5404,validation
5405,test
5406,train
5407,train
5408,train
5411,train
5412,train
5413,train
5416,train
5417,train
5419,train
5420,train
5421,train
5422,train
5423,validation
5424,train
5425,train
5426,train
5427,test
5429,train
5430,train
5431,train
5433,train
5434,train
5435,train
5436,test
5437,test
5438,train
5439,test
5440,train
5441,train
5442,test
5443,validation
5444,train
5445,train
5446,validation
5447,train
5448,test
5449,train
5451,validation
5452,train
5453,test
5454,test
5455,train
5456,test
5457,validation
5458,train
5460,train
5461,train
5462,test
5463,train
5465,validation
5466,validation
5467,train
5469,test
5470,train
5471,train
5472,train
5473,validation
5474,train
5475,train
5477,validation
5478,train
5480,train
5481,train
5483,validation
5484,train
5486,test
5488,train
5490,train
5491,train
5493,validation
5494,train
5495,train
5496,train
5497,train
5498,validation
5500,train
5501,validation
5502,train
5504,train
5505,train
5507,train
5508,train
5510,train
5511,train
5513,train
5516,train
5518,train
5519,test
5520,train
5521,train
5523,train
5526,train
5527,train
5528,train
5529,test
5530,test
5531,test
5534,test
5535,train
5536,test
5537,train
5538,validation
5539,train
5542,test
5543,test
5544,train
5545,train
5546,train
5547,train
5548,train
5549,test
5550,train
5551,train
5552,train
5553,train
5554,test
5555,test
5556,train
5557,train
5558,validation
5559,validation
5560,train
5561,train
5562,train
5563,train
5564,test
5565,train
5566,train
5567,train
5568,test
5569,test
5573,train
5575,train
5576,train
5577,train
5578,train
5579,train
5580,test
5581,test
5583,train
5585,train
5586,validation
5587,train
5588,train
5589,train
5590,train
5591,train
5594,train
5595,train
5596,test
5598,test
5599,train
5601,train
5602,test
5603,train
5604,train
5605,test
5606,train
5607,train
5608,train
5610,train
5612,test
5613,train
5614,train
5615,train
5616,train
5617,train
5618,train
5619,train
5620,train
5621,test
5622,train
5623,train
5624,train
5625,train
5626,train
5627,train
5628,train
5629,test
5630,train
5631,train
5632,train
5633,test
5634,validation
5635,train
5636,validation
5637,train
5638,validation
5639,test
5640,train
5641,validation
5642,train
5643,train
5644,train
5645,train
5646,train
5647,train
5648,train
5650,train
5651,train
5652,validation
5653,train
5654,validation
5655,train
5656,train
5657,train
5658,train
5659,train
5660,test
5662,train
5663,train
5664,train
5665,train
5666,test
5667,train
5668,train
5670,test
5671,train
5672,train
5674,train
5675,train
5676,train
5678,train
5679,train
5680,train
5681,train
5683,test
5684,train
5685,train
5686,validation
5687,test
5688,train
5689,train
5690,test
5692,train
5693,train
5694,validation
5695,train
5696,train
5697,train
5699,train
5700,train
5701,train
5702,train
5704,train
5705,test
5706,train
5707,train
5708,validation
5709,train
5710,train
5711,train
5713,train
5715,train
5718,train
5720,train
5721,train
5722,train
5723,train
5725,train
5726,test
5727,train
5728,train
5730,train
5731,test
5732,test
5733,test
5734,train
5735,train
5737,train
5738,train
5739,train
5740,train
5741,train
5742,train
5743,test
5744,validation
5748,validation
5749,train
5751,train
5752,train
5753,test
5754,train
5755,train
5756,train
5757,train
5758,train
5760,test
5761,validation
5762,train
5763,train
5764,validation
5765,test
5766,train
5767,train
5769,train
5770,test
5771,train
5772,train
5774,train
5775,train
5777,train
5778,train
5779,train
5780,train
5782,train
5783,train
5785,train
5786,train
5787,validation
5788,train
5790,train
5792,validation
5794,test
5795,train
5796,train
5798,train
5799,train
5803,train
5804,validation
5805,validation
5806,test
5807,train
5810,test
5811,train
5813,train
5814,train
5815,test
5817,train
5818,train
5819,train
5820,train
5821,validation
5822,train
5823,train
5824,validation
5825,train
5826,train
5827,train
5829,train
5830,train
5831,test
5832,train
5834,test
5835,test
5836,train
5837,train
5838,train
5839,train
5841,test
5842,train
5843,train
5844,test
5845,train
5846,test
5848,test
5849,train
5850,train
5851,train
5852,validation
5853,validation
5854,validation
5856,test
5857,train
5860,train
5861,test
5862,train
5863,test
5864,train
5865,train
5866,validation
5867,train
5868,train
5869,train
5870,test
5872,validation
5873,train
5874,train
5878,train
5880,validation
5881,train
5882,train
5883,validation
5885,train
5886,train
5887,train
5888,train
5891,train
5892,validation
5893,train
5894,train
5895,train
5896,test
5897,test
5898,validation
5899,test
5900,validation
5901,test
5902,test
5903,train
5904,train
5905,train
5906,train
5907,train
5908,test
5909,validation
5910,validation
5912,train
5913,train
5914,validation
5915,train
5916,train
5917,train
5919,validation
5920,train
5921,test
5922,train
5923,train
5924,train
5925,train
5926,train
5927,train
5928,test
5931,train
5932,test
5933,train
5934,train
5935,train
5937,train
5938,train
5939,test
5940,test
5941,train
5942,validation
5943,train
5944,train
5946,train
5947,train
5948,train
5950,train
5951,train
5952,test
5953,train
5954,train
5956,validation
5957,train
5958,train
5959,validation
5960,train
5961,train
5963,train
5964,train
5965,train
5968,train
5969,train
5970,train
5971,train
5973,train
5975,train
5976,test
5977,train
5978,train
5979,validation
5980,train
5981,train
5983,test
5984,train
5986,train
5987,train
5988,train
5989,train
5990,test
5991,train
5993,train
5994,validation
5995,test
5996,train
5997,train
5998,train
5999,test
6000,test
6001,train
6002,train
6003,train
6004,train
6005,train
6006,train
6007,train
6008,train
6009,train
6010,train
6012,train
6013,validation
6014,train
6015,train
6016,train
6017,train
6018,train
6020,train
6021,train
6022,train
6023,train
6025,train
6026,test
6032,train
6033,train
6034,test
6035,train
6037,train
6039,validation
6041,train
6043,train
6044,train
6045,train
6046,train
6047,test
6048,train
6049,train
6050,train
6051,train
6052,train
6054,train
6055,train
6056,train
6058,train
6059,train
6060,train
6062,train
6063,test
6064,train
6065,train
6066,test
6067,train
6068,train
6069,train
6070,train
6071,test
6072,test
6073,validation
6075,train
6076,train
6077,train
6079,train
6080,train
6081,train
6082,train
6084,train
6085,train
6086,validation
6087,train
6088,train
6089,train
6091,test
6094,train
6095,train
6096,train
6097,validation
6098,train
6099,validation
6100,train
6101,test
6102,validation
6104,train
6105,train
6106,validation
6107,train
6108,train
6109,train
6110,train
6111,validation
6112,train
6113,train
6114,train
6115,train
6116,train
6118,train
6119,test
6121,validation
6122,train
6123,test
6124,train
6125,validation
6126,train
6127,train
6128,train
6130,test
6131,train
6132,validation
6133,train
6134,train
6135,train
6136,train
6137,train
6138,train
6139,train
6140,train
6141,train
6142,train
6143,test
6144,train
6145,train
6146,validation
6147,test
6148,train
6149,train
6150,train
6151,train
6152,validation
6154,test
6155,train
6157,train
6158,train
6159,test
6161,train
6162,validation
6163,train
6165,train
6166,train
6167,test
6168,train
6169,train
6170,train
6171,train
6172,train
6173,test
6175,validation
6176,test
6177,validation
6178,test
6180,train
6181,validation
6182,train
6183,train
6184,validation
6187,test
6188,validation
6189,train
6191,train
6192,train
6193,train
6194,test
6195,test
6196,train
6197,test
6198,validation
6199,test
6200,validation
6201,train
6202,test
6204,train
6205,train
6206,train
6207,train
6208,train
6209,train
6210,validation
6211,test
6212,validation
6213,train
6214,train
6215,train
6216,train
6217,train
6218,train
6219,train
6220,train
6221,train
6223,train
6224,validation
6225,train
6226,validation
6227,validation
6228,train
6229,validation
6230,train
6231,train
6232,train
6234,train
6235,validation
6236,train
6237,test
6238,train
6239,train
6240,train
6241,train
6244,test
6245,validation
6246,test
6247,train
6249,train
6250,test
6251,train
6252,validation
6256,test
6257,train
6261,train
6262,test
6263,train
6264,validation
6266,train
6271,train
6272,train
6273,test
6275,train
6276,train
6278,train
6279,test
6280,train
6281,validation
6282,test
6283,train
6284,validation
6285,validation
6286,train
6287,train
6288,train
6290,train
6292,train
6293,train
6295,train
6299,train
6304,test
6305,train
6306,validation
6307,train
6308,train
6309,test
6311,validation
6312,train
6313,train
6314,train
6315,validation
6316,train
6317,train
6320,train
6321,train
6322,validation
6323,train
6325,test
6326,validation
6327,train
6328,train
6329,validation
6332,train
6333,train
6334,train
6335,train
6336,validation
6337,train
6338,train
6341,train
6342,validation
6343,train
6345,train
6346,validation
6347,test
6348,train
6349,train
6350,train
6351,train
6352,test
6353,train
6354,train
6355,test
6356,train
6358,train
6359,train
6360,train
6361,validation
6362,test
6363,validation
6365,train
6366,train
6367,validation
6369,train
6370,test
6372,train
6373,train
6374,train
6375,train
6376,train
6377,train
6380,train
6381,train
6382,train
6383,train
6384,train
6385,train
6386,test
6387,train
6388,train
6389,train
6390,train
6391,train
6392,train
6393,train
6394,train
6395,validation
6396,validation
6397,train
6398,train
6399,train
6401,train
6402,train
6403,train
6404,validation
6406,train
6407,train
6408,validation
6409,train
6411,train
6412,train
6413,train
6414,train
6417,train
6418,train
6420,train
6421,train
6423,train
6424,test
6425,train
6426,validation
6427,validation
6428,validation
6431,train
6433,validation
6434,train
6435,train
6438,train
6439,train
6440,validation
6441,train
6443,train
6445,train
6446,train
6447,train
6448,train
6449,train
6450,train
6451,train
6452,train
6455,train
6456,train
6457,train
6458,train
6459,test
6461,train
6462,train
6463,train
6464,train
6465,train
6466,train
6468,test
6469,train
6470,test
6471,train
6472,train
6473,train
6474,train
6475,test
6477,train
6478,test
6479,train
6481,train
6482,test
6485,train
6486,train
6488,validation
6489,train
6490,validation
6491,test
6493,train
6495,train
6496,train
6497,train
6498,validation
6499,train
6500,train
6502,train
6503,train
6504,train
6505,train
6506,validation
6508,train
6510,validation
6511,train
6512,train
6513,train
6515,train
6516,train
6517,train
6519,validation
6520,train
6521,train
6522,train
6524,train
6525,train
6527,train
6528,train
6530,train
6531,validation
6533,train
6534,test
6535,validation
6536,train
6537,train
6538,train
6539,train
6540,validation
6541,test
6542,train
6543,validation
6545,test
6546,train
6547,train
6548,test
6550,train
6552,train
6553,train
6554,test
6555,train
6556,train
6557,test
6559,train
6560,train
6561,validation
6562,train
6563,validation
6564,train
6565,test
6567,train
6568,train
6569,train
6570,train
6571,train
6572,validation
6573,train
6574,test
6576,train
6577,train
6578,validation
6579,train
6580,train
6581,train
6582,train
6583,train
6584,train
6585,train
6586,train
6587,train
6588,train
6589,train
6590,train
6591,test
6592,validation
6593,validation
6594,train
6595,validation
6596,test
6597,train
6598,train
6600,train
6601,test
6602,train
6603,train
6604,train
6605,train
6606,train
6608,validation
6609,train
6610,train
6611,train
6612,test
6613,train
6614,validation
6615,train
6616,train
6617,validation
6618,train
6619,train
6620,validation
6621,test
6622,train
6623,validation
6625,validation
6629,validation
6631,train
6632,train
6633,train
6634,validation
6635,train
6636,train
6637,train
6638,train
6639,train
6641,train
6642,train
6644,validation
6645,train
6646,validation
6647,test
6648,train
6649,train
6650,validation
6651,train
6654,train
6656,train
6657,train
6658,train
6659,train
6660,validation
6661,train
6662,test
6663,train
6664,train
6665,train
6666,test
6667,train
6668,train
6669,test
6670,validation
6671,train
6674,validation
6675,train
6676,train
6677,test
6678,train
6679,test
6680,train
6681,train
6682,train
6683,train
6684,train
6685,train
6686,train
6687,validation
6689,validation
6690,train
6691,test
6694,train
6696,train
6697,validation
6698,train
6699,train
6701,test
6702,test
6703,train
6704,validation
6705,train
6707,train
6708,train
6709,train
6710,test
6712,train
6716,test
6717,train
6719,train
6720,train
6721,test
6722,train
6723,validation
6724,train
6725,train
6726,test
6728,test
6729,train
6730,train
6731,test
6732,train
6733,train
6734,train
6735,test
6736,train
6737,test
6741,test
6743,train
6744,train
6745,train
6746,train
6747,train
6748,train
6749,train
6750,validation
6751,train
6752,validation
6753,test
6754,train
6758,test
6761,train
6762,train
6763,test
6764,train
6765,train
6768,train
6770,train
6771,test
6772,validation
6773,train
6774,train
6775,train
6776,train
6777,validation
6778,test
6781,train
6782,validation
6783,train
6784,test
6785,validation
6786,validation
6787,test
6789,train
6790,validation
6791,train
6792,train
6793,train
6794,train
6795,validation
6796,train
6798,train
6799,train
6800,train
6801,train
6804,train
6805,train
6807,train
6808,validation
6809,train
6810,test
6811,train
6814,train
6815,validation
6816,validation
6817,train
6818,train
6819,train
6821,train
6822,train
6823,train
6824,train
6825,train
6826,train
6827,train
6829,train
6830,test
6831,train
6832,test
6833,train
6834,train
6835,test
6837,test
6838,validation
6840,test
6842,train
6843,train
6844,train
6845,train
6846,test
6847,test
6848,train
6853,train
6854,train
6855,train
6856,train
6857,validation
6858,train
6859,train
6860,train
6861,train
6862,train
6863,train
6864,train
6865,train
6866,train
6867,test
6868,validation
6869,train
6870,validation
6871,validation
6872,train
6874,train
6875,train
6876,train
6877,train
6878,train
6879,validation
6881,train
6882,train
6884,test
6886,train
6887,validation
6888,test
6889,train
6890,test
6891,train
6893,train
6894,train
6895,train
6896,validation
6897,test
6898,train
6899,train
6901,train
6903,train
6904,test
6905,train
6906,train
6907,train
6908,validation
6909,train
6910,train
6911,train
6912,test
6913,train
6914,validation
6916,train
6917,train
6918,train
6919,train
6920,train
6921,train
6922,test
6923,validation
6924,train
6928,validation
6930,validation
6931,train
6932,train
6933,validation
6934,train
6935,train
6936,train
6937,train
6938,train
6939,train
6940,test
6941,validation
6943,test
6944,train
6945,test
6946,validation
6947,test
6948,train
6949,validation
6950,test
6951,train
6952,train
6953,validation
6954,train
6955,validation
6956,test
6958,train
6959,train
6960,train
6962,train
6963,train
6964,train
6965,train
6966,train
6967,train
6968,train
6969,train
6971,train
6972,train
6973,train
6974,test
6975,train
6976,train
6977,train
6978,validation
6979,validation
6980,train
6982,train
6983,train
6984,train
6985,validation
6989,train
6991,validation
6993,train
6994,train
6995,validation
6996,train
6997,train
6998,validation
6999,train
7000,train
7001,train
7002,train
7003,train
7004,train
7005,train
7006,validation
7007,train
7008,test
7009,validation
7011,train
7012,train
7014,train
7015,test
7016,validation
7017,train
7018,validation
7019,validation
7020,train
7021,test
7022,test
7023,validation
7025,train
7026,train
7027,train
7028,validation
7029,test
7030,validation
7031,train
7032,train
7033,train
7034,train
7035,test
7036,test
7037,train
7038,train
7039,train
7040,test
7041,validation
7043,train
7044,train
7046,test
7047,train
7048,train
7049,test
7050,train
7051,train
7052,train
7053,validation
7054,train
7055,train
7056,train
7058,train
7059,train
7060,train
7062,train
7063,train
7064,train
7065,train
7067,train
7069,train
7070,train
7071,test
7073,train
7075,train
7076,validation
7077,test
7078,train
7079,validation
7081,train
7083,train
7084,train
7085,train
7086,train
7087,validation
7089,train
7090,train
7091,train
7092,test
7093,validation
7094,train
7097,train
7099,train
7101,test
7102,train
7103,train
7105,train
7106,validation
7107,validation
7108,train
7109,test
7110,test
7111,train
7113,train
7114,test
7115,train
7116,train
7117,train
7119,test
7121,train
7123,train
7125,validation
7126,validation
7128,train
7130,train
7131,train
7133,train
7134,test
7135,validation
7136,train
7138,validation
7139,test
7140,train
7142,train
7143,train
7145,train
7146,train
7148,test
7149,test
7150,train
7151,validation
7152,validation
7153,train
7156,train
7157,train
7158,train
7159,train
7160,train
7161,train
7162,test
7163,train
7166,train
7167,train
7168,train
7169,validation
7170,train
7171,test
7172,test
7173,validation
7174,train
7176,train
7177,train
7180,test
7182,validation
7183,train
7184,train
7185,train
7186,train
7187,train
7188,train
7189,train
7190,train
7191,test
7192,test
7195,train
7196,train
7197,train
7198,train
7199,train
7200,train
7201,train
7202,train
7203,train
7204,train
7205,train
7208,train
7209,train
7210,train
7211,train
7212,test
7214,train
7215,test
7216,train
7217,test
7218,test
7219,train
7220,train
7222,train
7223,test
7224,train
7225,validation
7226,validation
7227,train
7228,train
7229,train
7232,train
7233,test
7235,test
7236,validation
7239,train
7240,train
7241,train
7242,validation
7243,train
7245,test
7246,train
7247,validation
7248,train
7249,train
7250,train
7251,validation
7252,validation
7253,validation
7254,train
7257,train
7258,validation
7259,train
7260,validation
7261,train
7262,test
7263,train
7264,train
7265,train
7266,train
7267,validation
7268,train
7269,test
7270,train
7271,train
7273,train
7274,validation
7275,train
7276,validation
7277,train
7278,validation
7279,test
7281,train
7282,validation
7284,test
7286,validation
7287,train
7288,train
7289,validation
7290,test
7291,train
7292,train
7293,train
7294,train
7296,train
7297,train
7298,train
7299,train
7300,train
7301,train
7302,train
7303,test
7305,test
7307,train
7308,validation
7309,train
7310,train
7311,test
7313,train
7314,test
7315,test
7318,train
7319,test
7321,test
7323,validation
7324,train
7325,test
7326,test
7327,test
7328,train
7329,validation
7330,train
7332,train
7333,train
7334,train
7335,test
7336,train
7337,train
7338,train
7339,validation
7341,validation
7342,train
7343,validation
7344,test
7345,test
7346,train
7347,train
7348,validation
7349,train
7350,test
7351,train
7352,test
7355,train
7356,validation
7358,train
7359,train
7360,test
7361,test
7362,validation
7363,train
7364,train
7365,test
7366,train
7368,train
7369,train
7370,train
7371,train
7372,test
7373,train
7374,test
7375,train
7376,validation
7377,train
7378,train
7380,train
7381,train
7382,train
7385,train
7386,train
7387,train
7388,train
7389,validation
7390,train
7392,train
7393,validation
7394,train
7395,train
7396,train
7397,test
7398,train
7399,validation
7400,train
7401,validation
7402,train
7403,train
7404,train
7405,train
7406,validation
7407,test
7410,train
7411,train
7412,train
7415,train
7417,train
7419,train
7420,train
7421,train
7422,train
7423,train
7425,test
7426,train
7427,train
7428,train
7429,train
7431,train
7432,train
7433,train
7434,train
7435,train
7437,train
7438,validation
7439,validation
7440,train
7441,validation
7443,train
7444,train
7445,train
7446,validation
7447,train
7449,train
7451,train
7453,validation
7454,test
7455,train
7456,train
7457,train
7458,train
7461,train
7462,train
7464,train
7465,train
7466,validation
7469,train
7471,validation
7472,train
7473,test
7475,test
7476,test
7477,train
7478,train
7479,validation
7480,train
7481,test
7482,validation
7483,test
7484,train
7485,train
7486,train
7487,train
7488,train
7489,validation
7490,train
7492,train
7493,train
7494,train
7495,train
7496,train
7497,train
7499,train
7500,validation
7501,train
7502,train
7503,validation
7506,train
7507,test
7508,train
7509,train
7510,train
7511,train
7512,train
7513,train
7514,train
7515,train
7516,validation
7517,train
7518,train
7519,train
7521,test
7522,train
7524,validation
7527,validation
7529,train
7530,test
7531,validation
7532,train
7533,train
7535,validation
7537,train
7539,train
7540,validation
7542,train
7543,train
7545,validation
7546,train
7547,train
7548,train
7549,validation
7550,train
7551,train
7552,train
7553,train
7554,train
7555,test
7556,train
7557,train
7559,train
7560,train
7562,train
7563,train
7565,train
7566,train
7567,train
7569,train
7571,validation
7572,train
7573,validation
7574,train
7575,train
7577,train
7579,test
7581,train
7582,validation
7583,test
7584,train
7586,validation
7587,test
7588,train
7590,train
7591,train
7593,test
7594,train
7595,train
7596,train
7597,train
7598,train
7600,train
7601,test
7602,validation
7603,train
7606,train
7609,train
7611,train
7612,train
7613,train
7614,validation
7616,train
7617,test
7618,train
7619,train
7623,train
7625,train
7626,train
7627,train
7628,train
7631,train
7632,train
7635,test
7636,train
7637,train
7638,train
7639,test
7640,validation
7641,train
7642,train
7643,train
7644,validation
7646,train
7647,test
7648,validation
7649,train
7650,train
7651,train
7652,train
7655,test
7656,train
7657,test
7658,test
7659,train
7660,train
7661,test
7662,train
7663,test
7664,validation
7665,test
7667,train
7668,train
7671,train
7672,test
7673,train
7675,train
7677,train
7678,train
7679,train
7680,train
7681,train
7682,train
7683,train
7684,test
7685,train
7686,validation
7687,train
7688,train
7690,train
7692,train
7693,train
7695,train
7696,validation
7698,train
7699,train
7700,validation
7701,train
7702,train
7703,validation
7704,test
7706,test
7708,train
7709,test
7710,validation
7713,validation
7714,train
7715,train
7717,train
7718,train
7720,train
7722,test
7723,test
7724,train
7725,train
7726,test
7728,train
7729,validation
7732,train
7733,train
7734,test
7735,train
7736,train
7737,train
7738,test
7739,train
7740,train
7741,train
7742,train
7743,train
7744,test
7746,train
7747,train
7748,validation
7749,train
7750,train
7751,test
7752,train
7753,train
7754,train
7755,train
7756,train
7758,train
7759,train
7760,validation
7761,train
7762,train
7763,train
7764,train
7765,train
7767,train
7768,test
7769,test
7775,validation
7776,test
7777,train
7778,train
7779,train
7781,train
7783,train
7785,train
7787,train
7789,train
7790,train
7791,validation
7792,validation
7793,test
7795,train
7796,train
7798,train
7799,train
7800,test
7801,train
7802,train
7804,train
7805,validation
7806,train
7808,train
7809,train
7810,validation
7811,train
7812,train
7813,train
7814,train
7815,train
7816,train
7817,train
7818,train
7819,train
7821,train
7822,validation
7823,validation
7824,test
7825,train
7826,train
7828,train
7829,train
7830,validation
7831,train
7832,train
7834,validation
7835,train
7836,train
7837,train
7838,train
7840,train
7841,validation
7842,train
7843,validation
7845,validation
7846,validation
7848,train
7850,test
7851,test
7852,train
7853,test
7855,train
7857,test
7858,train
7859,train
7860,train
7862,test
7863,train
7864,train
7865,train
7867,train
7868,test
7869,train
7870,test
7871,train
7872,train
7874,train
7877,train
7878,train
7879,train
7880,train
7882,train
7884,validation
7885,train
7886,validation
7887,train
7889,train
7890,train
7891,train
7894,train
7895,train
7896,train
7897,train
7899,train
7900,test
7901,train
7902,train
7903,validation
7905,train
7906,train
7907,train
7909,validation
7912,train
7913,train
7914,train
7916,validation
7918,train
7919,train
7920,train
7921,train
7922,train
7923,validation
7924,test
7926,train
7927,validation
7928,train
7929,train
7930,train
7931,train
7932,validation
7933,train
7934,train
7935,train
7936,train
7937,train
7938,test
7939,test
7940,train
7942,validation
7943,train
7944,train
7945,train
7946,train
7947,train
7949,train
7950,train
7951,test
7952,train
7953,train
7956,train
7957,test
7958,validation
7959,train
7960,test
7961,train
7962,train
7963,test
7964,train
7965,train
7966,train
7967,train
7969,test
7970,train
7971,train
7972,train
7973,validation
7974,validation
7975,train
7976,test
7977,validation
7978,train
7979,train
7980,train
7981,train
7982,test
7983,train
7985,train
7986,train
7989,train
7990,train
7991,train
7994,validation
7995,validation
7997,train
7998,validation
7999,validation
8000,train
8001,train
8003,test
8004,test
8005,validation
8006,train
8007,train
8008,train
8010,test
8011,validation
8012,train
8013,train
8014,test
8016,train
8017,train
8019,test
8020,train
8021,test
8022,validation
8023,test
8024,validation
8025,train
8026,train
8027,test
8028,train
8029,train
8030,train
8031,validation
8032,train
8033,train
8034,train
8036,train
8038,train
8040,train
8041,train
8042,train
8043,train
8045,train
8046,validation
8047,train
8048,train
8049,train
8050,train
8051,train
8052,train
8053,train
8054,train
8055,train
8056,train
8059,train
8060,train
8061,train
8062,train
8063,test
8064,train
8066,train
8067,validation
8068,validation
8069,validation
8070,train
8071,train
8072,train
8073,validation
8074,train
8076,validation
8077,train
8078,train
8079,validation
8081,train
8082,validation
8083,train
8084,validation
8085,train
8086,test
8088,test
8090,train
8091,train
8093,validation
8094,train
8095,train
8096,train
8097,test
8098,train
8099,test
8100,train
8101,train
8102,test
8104,train
8105,train
8106,validation
8107,train
8108,test
8109,train
8110,train
8111,train
8112,train
8113,train
8114,train
8115,train
8116,train
8117,validation
8118,train
8119,train
8120,validation
8121,train
8122,validation
8123,train
8124,train
8125,train
8126,train
8128,train
8129,train
8130,train
8131,validation
8132,train
8133,test
8135,train
8136,train
8137,train
8140,train
8141,train
8142,validation
8143,train
8144,train
8146,train
8147,train
8149,validation
8150,train
8151,train
8152,train
8153,train
8154,validation
8155,test
8156,train
8157,train
8158,train
8159,train
8160,train
8162,train
8164,train
8166,train
8168,train
8169,train
8170,validation
8171,test
8173,test
8174,test
8175,train
8178,train
8179,train
8180,train
8181,train
8182,train
8184,validation
8185,train
8186,train
8187,train
8188,train
8189,train
8190,train
8191,validation
8192,train
8194,test
8195,train
8196,train
8197,train
8198,train
8199,test
8201,train
8202,train
8203,test
8204,train
8205,train
8207,validation
8208,test
8209,test
8210,train
8211,train
8212,test
8213,test
8214,train
8215,train
8216,test
8217,train
8219,train
8220,train
8222,train
8223,test
8224,train
8225,test
8226,test
8228,test
8229,train
8230,train
8232,train
8233,train
8234,train
8235,train
8236,train
8237,train
8239,train
8240,validation
8241,train
8243,train
8245,train
8246,validation
8247,validation
8248,validation
8249,validation
8250,train
8251,train
8252,validation
8253,train
8254,train
8255,test
8256,test
8257,validation
8258,train
8259,train
8261,train
8262,test
8263,train
8264,train
8266,train
8268,validation
8269,train
8270,test
8271,train
8272,train
8273,test
8274,test
8275,train
8276,train
8277,validation
8278,train
8280,train
8281,train
8282,train
8283,train
8284,validation
8285,test
8287,train
8288,train
8289,train
8291,train
8292,train
8294,train
8296,train
8297,test
8298,train
8300,train
8301,validation
8302,test
8303,train
8304,validation
8306,train
8307,test
8308,train
8309,train
8310,train
8311,train
8312,train
8313,validation
8315,train
8318,validation
8319,test
8320,train
8321,train
8322,train
8323,train
8324,train
8325,train
8328,train
8329,train
8330,train
8331,validation
8332,validation
8333,train
8334,train
8335,train
8336,train
8337,train
8338,test
8339,train
8340,train
8341,train
8342,train
8343,train
8344,train
8345,train
8346,validation
8347,train
8349,validation
8350,train
8353,train
8354,train
8355,train
8356,train
8357,train
8358,train
8359,validation
8360,train
8361,validation
8362,train
8363,train
8364,train
8366,train
8367,train
8368,train
8369,test
8370,validation
8371,test
8375,train
8376,train
8377,train
8378,train
8379,test
8381,validation
8382,train
8383,train
8384,test
8385,train
8387,train
8388,train
8389,train
8390,validation
8391,validation
8392,train
8393,train
8394,train
8395,train
8396,train
8397,train
8399,test
8400,train
8401,train
8402,train
8407,train
8408,train
8409,train
8410,train
8411,train
8412,train
8413,train
8414,train
8415,train
8417,train
8418,test
8419,validation
8420,train
8422,train
8423,validation
8424,train
8425,train
8426,train
8427,train
8428,train
8429,test
8430,train
8431,train
8432,train
8433,train
8436,train
8437,train
8440,train
8441,train
8442,train
8443,train
8444,train
8445,train
8446,train
8447,test
8448,train
8449,validation
8450,train
8453,train
8454,validation
8455,train
8456,train
8459,train
8460,train
8461,train
8463,train
8467,test
8468,train
8469,validation
8470,train
8471,test
8472,test
8473,train
8474,train
8475,train
8476,train
8477,validation
8478,train
8481,test
8482,train
8483,train
8486,train
8487,train
8488,test
8489,train
8490,validation
8491,train
8492,train
8493,train
8494,train
8495,train
8497,train
8498,validation
8499,train
8500,validation
8501,train
8503,train
8504,train
8505,train
8506,validation
8507,test
8508,validation
8509,validation
8510,test
8511,train
8514,train
8515,train
8516,train
8517,train
8519,train
8520,train
8521,train
8522,test
8523,train
8524,test
8525,train
8526,test
8527,train
8528,train
8529,train
8530,train
8531,train
8532,train
8533,train
8534,test
8535,test
8536,train
8537,train
8538,train
8541,train
8542,train
8543,train
8544,validation
8545,train
8546,train
8547,train
8548,test
8549,test
8551,train
8552,validation
8553,train
8555,train
8557,train
8558,train
8560,train
8561,train
8563,test
8565,train
8566,train
8567,train
8568,train
8569,train
8570,train
8571,train
8572,train
8573,validation
8575,train
8577,train
8578,train
8579,train
8580,train
8581,train
8582,test
8583,train
8586,train
8589,train
8590,train
8591,validation
8592,train
8593,validation
8594,validation
8595,validation
8596,train
8597,train
8598,validation
8599,train
8600,train
8601,test
8602,validation
8603,test
8604,train
8605,train
8606,train
8607,train
8608,train
8609,train
8610,train
8611,train
8612,train
8613,train
8614,validation
8616,train
8617,validation
8618,train
8619,train
8620,train
8621,validation
8622,test
8623,validation
8624,train
8625,train
8626,train
8627,validation
8628,train
8629,train
8630,train
8632,train
8633,train
8634,train
8635,train
8637,train
8638,train
8639,train
8640,train
8641,train
8642,train
8643,train
8644,train
8645,train
8646,validation
8647,train
8648,train
8649,train
8650,validation
8651,validation
8652,test
8653,train
8654,test
8656,train
8657,train
8658,train
8661,test
8662,train
8664,train
8665,train
8666,train
8667,train
8670,test
8671,validation
8673,train
8674,train
8675,train
8676,validation
8677,train
8678,train
8679,test
8680,train
8681,test
8683,validation
8684,train
8686,test
8687,validation
8688,test
8689,train
8690,train
8691,validation
8692,train
8693,train
8694,validation
8695,test
8696,test
8697,train
8698,test
8699,train
8701,train
8702,validation
8704,test
8705,train
8706,train
8707,train
8708,test
8709,train
8710,train
8711,train
8712,test
8713,train
8714,train
8715,train
8716,train
8718,train
8719,test
8720,train
8721,train
8722,train
8724,test
8725,train
8727,train
8728,train
8730,validation
8733,train
8734,train
8735,train
8736,validation
8737,train
8738,test
8739,train
8740,validation
8743,train
8744,test
8745,train
8746,train
8747,train
8748,train
8749,train
8750,train
8751,test
8753,train
8754,train
8755,train
8756,train
8757,train
8759,train
8760,train
8761,train
8762,train
8764,validation
8765,train
8766,validation
8767,train
8768,validation
8769,train
8770,train
8771,train
8775,validation
8777,validation
8778,train
8779,train
8783,train
8785,train
8786,train
8788,train
8791,train
8792,train
8793,train
8794,train
8796,train
8798,train
8799,train
8800,train
8801,train
8802,train
8803,test
8804,train
8805,train
8806,validation
8807,test
8808,validation
8809,train
8810,train
8811,validation
8812,train
8813,train
8814,train
8815,train
8816,train
8817,train
8819,train
8820,train
8821,train
8822,train
8823,train
8824,train
8825,validation
8826,train
8827,train
8828,train
8830,train
8831,train
8832,train
8833,test
8835,train
8836,train
8837,validation
8838,train
8840,train
8841,validation
8843,test
8846,train
8847,train
8848,test
8849,train
8850,train
8851,train
8852,train
8853,test
8855,train
8856,train
8857,train
8858,train
8859,train
8860,train
8861,train
8864,train
8865,train
8868,validation
8869,train
8870,train
8871,validation
8872,train
8873,train
8874,train
8875,validation
8877,train
8878,train
8881,train
8883,train
8885,test
8886,validation
8887,test
8888,train
8890,test
8891,train
8892,validation
8894,test
8895,train
8896,train
8897,train
8898,test
8900,test
8901,train
8903,train
8904,validation
8905,train
8906,train
8907,train
8908,train
8909,test
8910,validation
8911,train
8914,train
8916,train
8917,validation
8919,test
8920,train
8921,train
8922,validation
8923,train
8924,test
8925,train
8926,train
8927,train
8928,train
8931,train
8932,train
8933,validation
8934,train
8935,train
8936,train
8937,train
8939,train
8940,test
8941,train
8942,test
8943,train
8944,test
8945,validation
8947,train
8948,train
8949,train
8950,train
8951,train
8952,test
8953,train
8954,train
8955,train
8956,test
8957,train
8959,train
8960,train
8963,test
8965,train
8966,train
8967,train
8968,train
8969,test
8970,train
8971,validation
8972,train
8973,validation
8974,train
8976,train
8977,train
8978,train
8979,validation
8981,train
8982,train
8983,test
8985,train
8986,train
8987,test
8988,train
8989,train
8992,train
8993,train
8994,train
8995,train
8996,train
8997,test
8999,train
9000,train
9001,test
9002,train
9003,validation
9004,test
9005,train
9006,validation
9007,train
9009,train
9010,train
9011,train
9012,train
9013,test
9016,train
9017,train
9018,train
9020,test
9021,validation
9022,train
9023,train
9024,train
9025,train
9026,train
9027,train
9028,validation
9029,train
9030,train
9031,test
9032,train
9033,train
9034,train
9035,train
9036,test
9037,train
9038,test
9039,validation
9040,train
9041,train
9043,test
9045,test
9046,train
9047,train
9048,train
9049,train
9050,validation
9053,train
9054,train
9055,validation
9056,validation
9058,validation
9059,test
9060,test
9061,train
9062,train
9063,train
9065,train
9067,train
9068,train
9069,train
9071,train
9072,train
9073,train
9074,train
9075,train
9077,train
9078,train
9079,validation
9080,test
9081,train
9082,train
9085,train
9086,train
9087,train
9088,validation
9090,train
9091,validation
9092,train
9093,validation
9095,train
9096,train
9097,train
9098,train
9099,train
9100,test
9101,test
9102,train
9103,validation
9104,train
9105,validation
9106,validation
9108,test
9109,train
9111,train
9112,train
9114,train
9115,train
9116,train
9117,test
9118,train
9119,train
9120,train
9121,train
9122,test
9123,train
9124,train
9125,train
9126,validation
9127,train
9130,train
9131,validation
9132,train
9133,test
9135,train
9136,train
9137,train
9139,train
9140,validation
9141,train
9142,train
9143,train
9144,validation
9145,train
9146,train
9148,train
9149,train
9150,validation
9151,train
9152,train
9154,train
9155,train
9159,test
9160,train
9161,test
9164,train
9165,train
9166,train
9167,train
9170,test
9172,test
9173,train
9174,train
9175,validation
9176,train
9178,validation
9179,train
9180,train
9181,train
9182,train
9183,validation
9184,train
9185,train
9186,train
9187,test
9188,train
9189,validation
9190,train
9191,train
9192,validation
9194,validation
9195,train
9197,train
9198,test
9199,train
9200,train
9201,validation
9202,train
9203,train
9204,train
9206,train
9207,train
9208,train
9209,train
9210,train
9212,validation
9213,train
9214,validation
9215,test
9216,train
9217,train
9219,train
9220,train
9221,train
9222,train
9223,train
9224,train
9225,validation
9226,train
9227,train
9228,train
9229,validation
9230,validation
9232,test
9233,train
9234,train
9237,train
9238,test
9239,train
9240,train
9242,train
9243,train
9244,train
9245,test
9246,train
9247,train
9249,test
9250,test
9251,train
9252,train
9253,validation
9254,train
9255,train
9258,train
9259,train
9260,validation
9262,train
9263,validation
9264,train
9265,validation
9266,train
9267,validation
9268,train
9269,train
9270,train
9272,train
9274,train
9276,train
9277,train
9278,test
9279,train
9280,train
9281,train
9282,train
9283,validation
9284,train
9285,train
9286,train
9289,train
9290,test
9291,train
9292,train
9293,train
9294,train
9297,train
9298,train
9299,train
9300,train
9301,train
9302,test
9303,validation
9304,train
9306,train
9307,train
9308,train
9310,train
9312,train
9313,test
9314,train
9317,test
9318,validation
9319,train
9320,train
9321,test
9322,train
9323,validation
9326,test
9327,test
9328,train
9329,train
9330,train
9331,train
9333,train
9334,train
9335,train
9336,test
9337,train
9338,train
9339,train
9340,train
9341,validation
9342,train
9344,train
9345,test
9347,train
9348,validation
9349,train
9350,train
9351,train
9352,train
9354,train
9355,test
9356,train
9357,test
9358,validation
9359,train
9360,train
9363,validation
9364,train
9365,train
9367,test
9368,train
9369,test
9370,train
9372,train
9373,validation
9374,train
9375,test
9376,validation
9377,test
9378,train
9379,train
9380,test
9381,validation
9383,train
9384,train
9385,test
9386,validation
9387,test
9389,train
9390,train
9391,validation
9393,train
9395,test
9397,validation
9398,train
9400,train
9401,train
9403,train
9404,validation
9405,train
9407,train
9408,train
9412,train
9414,train
9415,validation
9417,test
9418,train
9419,train
9420,train
9423,train
9424,train
9425,train
9426,train
9427,train
9428,train
9429,train
9430,train
9431,train
9432,validation
9433,train
9434,train
9435,train
9436,test
9437,train
9438,test
9439,train
9440,train
9441,validation
9442,train
9443,train
9444,test
9445,train
9448,train
9449,train
9450,train
9451,train
9452,test
9453,test
9454,train
9455,train
9457,test
9458,test
9459,train
9460,test
9461,train
9463,test
9464,train
9465,test
9466,train
9467,train
9468,test
9469,train
9470,validation
9471,train
9473,train
9474,train
9475,train
9476,validation
9477,validation
9478,train
9479,train
9480,train
9482,test
9484,train
9485,train
9486,train
9490,validation
9492,train
9494,validation
9495,train
9496,train
9497,train
9498,validation
9501,train
9502,train
9503,train
9504,validation
9505,train
9506,test
9507,validation
9508,train
9510,train
9511,test
9512,train
9513,test
9514,validation
9516,train
9518,train
9519,train
9520,validation
9521,train
9522,train
9523,train
9525,train
9526,train
9527,train
9528,train
9530,train
9531,train
9532,train
9533,train
9534,train
9535,train
9536,validation
9538,train
9539,test
9540,train
9541,validation
9542,train
9543,validation
9544,train
9545,validation
9546,train
9547,test
9550,train
9551,train
9552,train
9553,validation
9555,test
9556,train
9557,train
9558,train
9559,test
9560,train
9561,train
9562,train
9564,train
9565,train
9566,train
9567,train
9568,train
9570,train
9572,train
9573,train
9574,train
9575,validation
9576,validation
9578,train
9580,train
9581,train
9583,train
9584,train
9586,train
9587,validation
9588,train
9589,train
9590,train
9592,validation
9593,train
9594,test
9595,train
9596,train
9597,train
9599,validation
9601,validation
9602,train
9605,train
9606,train
9607,train
9608,validation
9610,train
9613,train
9614,train
9616,train
9617,train
9618,test
9619,train
9620,test
9622,test
9623,train
9624,train
9625,train
9626,test
9627,train
9628,train
9630,test
9631,train
9632,validation
9633,train
9634,train
9635,train
9636,train
9637,train
9638,train
9639,train
9640,validation
9641,train
9642,train
9643,test
9644,train
9646,train
9647,validation
9648,train
9649,validation
9650,validation
9651,validation
9652,train
9656,train
9657,train
9658,validation
9659,test
9660,train
9661,train
9662,test
9663,validation
9664,train
9665,train
9667,train
9668,train
9669,train
9672,validation
9673,train
9674,train
9675,train
9677,train
9679,train
9680,train
9681,validation
9682,validation
9683,train
9684,train
9685,train
9686,test
9687,test
9688,train
9691,test
9692,train
9693,train
9695,train
9697,train
9698,train
9699,train
9701,test
9702,train
9703,train
9704,train
9705,train
9706,train
9707,train
9708,train
9709,train
9710,train
9711,train
9712,validation
9713,train
9714,train
9715,train
9716,test
9717,train
9718,train
9719,train
9720,train
9721,train
9724,test
9725,train
9726,train
9727,train
9729,train
9730,train
9731,train
9732,train
9733,validation
9734,train
9735,validation
9736,train
9738,train
9741,test
9742,train
9743,train
9744,test
9746,train
9747,train
9748,train
9749,train
9750,train
9751,train
9752,test
9753,validation
9755,train
9756,train
9757,train
9758,train
9759,train
9760,train
9761,train
9762,validation
9763,test
9764,train
9765,train
9766,train
9767,train
9768,train
9769,train
9770,train
9771,train
9772,train
9773,train
9774,validation
9775,validation
9777,validation
9778,train
9779,train
9780,train
9781,train
9782,train
9784,train
9785,train
9786,train
9787,train
9788,train
9790,train
9791,train
9792,train
9794,train
9795,validation
9796,train
9797,train
9798,train
9799,train
9800,train
9801,train
9802,train
9803,train
9804,validation
9805,train
9806,train
9807,train
9808,train
9809,train
9811,train
9813,train
9814,test
9815,train
9816,train
9817,train
9819,train
9821,validation
9822,train
9823,train
9826,train
9827,train
9828,train
9829,train
9830,train
9831,train
9832,train
9833,train
9834,train
9835,train
9837,train
9838,train
9839,train
9840,train
9841,train
9842,test
9843,train
9844,train
9845,train
9847,test
9849,train
9850,test
9851,validation
9853,train
9855,train
9856,train
9857,test
9858,train
9859,validation
9860,train
9861,train
9862,validation
9863,train
9864,validation
9866,train
9867,train
9868,train
9870,train
9872,train
9873,train
9874,train
9875,train
9876,train
9877,train
9879,validation
9880,train
9881,train
9883,test
9884,train
9885,train
9886,train
9888,train
9891,test
9892,train
9893,train
9895,train
9896,train
9897,train
9898,train
9899,train
9900,train
9903,train
9904,validation
9905,validation
9906,train
9907,validation
9908,train
9910,validation
9912,train
9913,train
9914,train
9916,train
9918,train
9919,test
9921,validation
9922,test
9923,train
9925,train
9926,validation
9927,train
9928,train
9929,train
9930,train
9931,train
9932,train
9933,train
9934,train
9935,validation
9936,train
9937,train
9939,train
9942,train
9943,test
9944,test
9945,train
9946,train
9948,train
9950,train
9951,test
9952,train
9953,train
9954,train
9956,validation
9957,validation
9958,validation
9959,validation
9960,train
9961,train
9962,validation
9963,train
9964,validation
9965,train
9966,test
9968,train
9969,train
9970,train
9971,train
9972,train
9974,train
9975,train
9977,train
9978,train
9979,train
9980,train
9981,train
9982,test
9984,train
9985,train
9986,train
9987,train
9988,test
9989,test
9990,test
9991,train
9993,train
9994,test
9995,train
9997,train
9998,test
10000,validation
