variant,genre_id,genre_name,precision,recall,f1,support
original,12,Adventure,0.5458015267175572,0.7258883248730964,0.6230936819172114,197
original,14,Fantasy,0.47770700636942676,0.5434782608695652,0.5084745762711864,138
original,16,Animation,0.5338345864661654,0.6283185840707964,0.5772357723577236,113
original,18,Drama,0.5540838852097131,0.9313543599257885,0.6948096885813149,539
original,27,Horror,0.5492957746478874,0.6802325581395349,0.6077922077922078,172
original,28,Action,0.5597014925373134,0.8181818181818182,0.6646971935007385,275
original,35,Comedy,0.530239099859353,0.8627002288329519,0.6567944250871081,437
original,36,History,0.5,0.43103448275862066,0.46296296296296297,58
original,37,Western,0.8,0.21052631578947367,0.3333333333333333,19
original,53,Thriller,0.5180467091295117,0.746177370030581,0.6115288220551378,327
original,80,Crime,0.49606299212598426,0.6702127659574468,0.5701357466063348,188
original,878,Science Fiction,0.6402439024390244,0.7142857142857143,0.6752411575562701,147
original,9648,Mystery,0.42857142857142855,0.391304347826087,0.4090909090909091,115
original,10402,Music,0.5806451612903226,0.5,0.5373134328358209,36
original,10749,Romance,0.5142857142857142,0.6956521739130435,0.5913757700205339,207
original,10751,Family,0.58125,0.6788321167883211,0.6262626262626263,137
original,10752,War,0.7435897435897436,0.6744186046511628,0.7073170731707317,43
original,10770,TV Movie,0.0,0.0,0.0,14
shuffled,12,Adventure,0.5482625482625483,0.7208121827411168,0.6228070175438597,197
shuffled,14,Fantasy,0.4634146341463415,0.5507246376811594,0.5033112582781457,138
shuffled,16,Animation,0.5070422535211268,0.6371681415929203,0.5647058823529412,113
shuffled,18,Drama,0.5532150776053215,0.9257884972170687,0.6925746009715475,539
shuffled,27,Horror,0.587378640776699,0.7034883720930233,0.6402116402116402,172
shuffled,28,Action,0.5628140703517588,0.8145454545454546,0.6656760772659732,275
shuffled,35,Comedy,0.5294924554183813,0.8832951945080092,0.6620926243567753,437
shuffled,36,History,0.4716981132075472,0.43103448275862066,0.45045045045045046,58
shuffled,37,Western,0.75,0.15789473684210525,0.2608695652173913,19
shuffled,53,Thriller,0.5222929936305732,0.7522935779816514,0.6165413533834586,327
shuffled,80,Crime,0.5,0.6595744680851063,0.5688073394495413,188
shuffled,878,Science Fiction,0.6242424242424243,0.7006802721088435,0.6602564102564102,147
shuffled,9648,Mystery,0.4368932038834951,0.391304347826087,0.41284403669724773,115
shuffled,10402,Music,0.5862068965517241,0.4722222222222222,0.5230769230769231,36
shuffled,10749,Romance,0.5239852398523985,0.6859903381642513,0.5941422594142259,207
shuffled,10751,Family,0.5481927710843374,0.6642335766423357,0.6006600660066007,137
shuffled,10752,War,0.5909090909090909,0.6046511627906976,0.5977011494252874,43
shuffled,10770,TV Movie,0.0,0.0,0.0,14
masked,12,Adventure,0.39429928741092635,0.8426395939086294,0.5372168284789643,197
masked,14,Fantasy,0.3901345291479821,0.6304347826086957,0.481994459833795,138
masked,16,Animation,0.3407079646017699,0.6814159292035398,0.45427728613569324,113
masked,18,Drama,0.58375,0.8664192949907236,0.6975354742345033,539
masked,27,Horror,0.5737704918032787,0.6104651162790697,0.5915492957746479,172
masked,28,Action,0.5607734806629834,0.7381818181818182,0.6373626373626373,275
masked,35,Comedy,0.4785714285714286,0.919908466819222,0.6296006264682851,437
masked,36,History,0.4827586206896552,0.2413793103448276,0.3218390804597701,58
masked,37,Western,1.0,0.10526315789473684,0.19047619047619047,19
masked,53,Thriller,0.5191815856777494,0.6207951070336392,0.5654596100278552,327
masked,80,Crime,0.5088757396449705,0.4574468085106383,0.48179271708683474,188
masked,878,Science Fiction,0.5747126436781609,0.6802721088435374,0.6230529595015576,147
masked,9648,Mystery,0.4166666666666667,0.21739130434782608,0.2857142857142857,115
masked,10402,Music,0.25,0.08333333333333333,0.125,36
masked,10749,Romance,0.48623853211009177,0.5120772946859904,0.4988235294117647,207
masked,10751,Family,0.3724137931034483,0.7883211678832117,0.5058548009367682,137
masked,10752,War,0.7272727272727273,0.37209302325581395,0.49230769230769234,43
masked,10770,TV Movie,0.0,0.0,0.0,14
first_25,12,Adventure,0.4945054945054945,0.45685279187817257,0.47493403693931396,197
first_25,14,Fantasy,0.4673913043478261,0.3115942028985507,0.3739130434782609,138
first_25,16,Animation,0.5229357798165137,0.504424778761062,0.5135135135135135,113
first_25,18,Drama,0.49662487945998074,0.9554730983302412,0.6535532994923858,539
first_25,27,Horror,0.4778761061946903,0.313953488372093,0.37894736842105264,172
first_25,28,Action,0.5485074626865671,0.5345454545454545,0.5414364640883977,275
first_25,35,Comedy,0.483695652173913,0.8146453089244852,0.6069906223358909,437
first_25,36,History,0.2962962962962963,0.41379310344827586,0.34532374100719426,58
first_25,37,Western,1.0,0.10526315789473684,0.19047619047619047,19
first_25,53,Thriller,0.5151515151515151,0.5198776758409785,0.517503805175038,327
first_25,80,Crime,0.44785276073619634,0.3882978723404255,0.41595441595441596,188
first_25,878,Science Fiction,0.6101694915254238,0.4897959183673469,0.5433962264150943,147
first_25,9648,Mystery,0.3064516129032258,0.16521739130434782,0.21468926553672316,115
first_25,10402,Music,0.3333333333333333,0.3333333333333333,0.3333333333333333,36
first_25,10749,Romance,0.384,0.463768115942029,0.4201312910284464,207
first_25,10751,Family,0.49206349206349204,0.45255474452554745,0.4714828897338403,137
first_25,10752,War,0.5319148936170213,0.5813953488372093,0.5555555555555556,43
first_25,10770,TV Movie,0.0,0.0,0.0,14
first_50,12,Adventure,0.5612244897959183,0.5583756345177665,0.5597964376590331,197
first_50,14,Fantasy,0.5,0.4492753623188406,0.4732824427480916,138
first_50,16,Animation,0.4745762711864407,0.49557522123893805,0.48484848484848486,113
first_50,18,Drama,0.5204498977505112,0.9443413729128015,0.6710613052076466,539
first_50,27,Horror,0.58,0.5058139534883721,0.5403726708074534,172
first_50,28,Action,0.572289156626506,0.6909090909090909,0.6260296540362438,275
first_50,35,Comedy,0.4993197278911565,0.8398169336384439,0.6262798634812287,437
first_50,36,History,0.4489795918367347,0.3793103448275862,0.411214953271028,58
first_50,37,Western,0.8333333333333334,0.2631578947368421,0.4,19
first_50,53,Thriller,0.5340050377833753,0.6483180428134556,0.585635359116022,327
first_50,80,Crime,0.4880382775119617,0.5425531914893617,0.5138539042821159,188
first_50,878,Science Fiction,0.65625,0.5714285714285714,0.610909090909091,147
first_50,9648,Mystery,0.32098765432098764,0.22608695652173913,0.2653061224489796,115
first_50,10402,Music,0.5,0.4166666666666667,0.45454545454545453,36
first_50,10749,Romance,0.4559386973180077,0.5748792270531401,0.5085470085470085,207
first_50,10751,Family,0.5703703703703704,0.5620437956204379,0.5661764705882353,137
first_50,10752,War,0.5348837209302325,0.5348837209302325,0.5348837209302325,43
first_50,10770,TV Movie,0.0,0.0,0.0,14
first_75,12,Adventure,0.543859649122807,0.6294416243654822,0.5835294117647059,197
first_75,14,Fantasy,0.5037593984962406,0.4855072463768116,0.4944649446494465,138
first_75,16,Animation,0.48507462686567165,0.5752212389380531,0.5263157894736842,113
first_75,18,Drama,0.5378061767838126,0.9369202226345084,0.6833558863328822,539
first_75,27,Horror,0.5483870967741935,0.5930232558139535,0.5698324022346368,172
first_75,28,Action,0.5774278215223098,0.8,0.6707317073170732,275
first_75,35,Comedy,0.5228215767634855,0.8649885583524027,0.6517241379310345,437
first_75,36,History,0.5116279069767442,0.3793103448275862,0.43564356435643564,58
first_75,37,Western,0.8,0.21052631578947367,0.3333333333333333,19
first_75,53,Thriller,0.5042918454935622,0.7186544342507645,0.592686002522068,327
first_75,80,Crime,0.5020080321285141,0.6648936170212766,0.5720823798627003,188
first_75,878,Science Fiction,0.6644295302013423,0.673469387755102,0.668918918918919,147
first_75,9648,Mystery,0.33,0.28695652173913044,0.30697674418604654,115
first_75,10402,Music,0.5666666666666667,0.4722222222222222,0.5151515151515151,36
first_75,10749,Romance,0.48175182481751827,0.6376811594202898,0.5488565488565489,207
first_75,10751,Family,0.581081081081081,0.6277372262773723,0.6035087719298246,137
first_75,10752,War,0.5813953488372093,0.5813953488372093,0.5813953488372093,43
first_75,10770,TV Movie,0.0,0.0,0.0,14
