model,variant,seed,genre_id,precision,recall,f1,support,genre_name
sbert_lr,first_25,42,12,0.4945054945054945,0.45685279187817257,0.47493403693931396,197,Adventure
sbert_lr,first_25,42,14,0.4673913043478261,0.3115942028985507,0.3739130434782609,138,Fantasy
sbert_lr,first_25,42,16,0.5229357798165137,0.504424778761062,0.5135135135135135,113,Animation
sbert_lr,first_25,42,18,0.49662487945998074,0.9554730983302412,0.6535532994923858,539,Drama
sbert_lr,first_25,42,27,0.4778761061946903,0.313953488372093,0.37894736842105264,172,Horror
sbert_lr,first_25,42,28,0.5485074626865671,0.5345454545454545,0.5414364640883977,275,Action
sbert_lr,first_25,42,35,0.483695652173913,0.8146453089244852,0.6069906223358909,437,Comedy
sbert_lr,first_25,42,36,0.2962962962962963,0.41379310344827586,0.34532374100719426,58,History
sbert_lr,first_25,42,37,1.0,0.10526315789473684,0.19047619047619047,19,Western
sbert_lr,first_25,42,53,0.5151515151515151,0.5198776758409785,0.517503805175038,327,Thriller
sbert_lr,first_25,42,80,0.44785276073619634,0.3882978723404255,0.41595441595441596,188,Crime
sbert_lr,first_25,42,878,0.6101694915254238,0.4897959183673469,0.5433962264150943,147,Science Fiction
sbert_lr,first_25,42,9648,0.3064516129032258,0.16521739130434782,0.21468926553672316,115,Mystery
sbert_lr,first_25,42,10402,0.3333333333333333,0.3333333333333333,0.3333333333333333,36,Music
sbert_lr,first_25,42,10749,0.384,0.463768115942029,0.4201312910284464,207,Romance
sbert_lr,first_25,42,10751,0.49206349206349204,0.45255474452554745,0.4714828897338403,137,Family
sbert_lr,first_25,42,10752,0.5319148936170213,0.5813953488372093,0.5555555555555556,43,War
sbert_lr,first_25,42,10770,0.0,0.0,0.0,14,TV Movie
sbert_lr,first_50,42,12,0.5612244897959183,0.5583756345177665,0.5597964376590331,197,Adventure
sbert_lr,first_50,42,14,0.5,0.4492753623188406,0.4732824427480916,138,Fantasy
sbert_lr,first_50,42,16,0.4745762711864407,0.49557522123893805,0.48484848484848486,113,Animation
sbert_lr,first_50,42,18,0.5204498977505112,0.9443413729128015,0.6710613052076466,539,Drama
sbert_lr,first_50,42,27,0.58,0.5058139534883721,0.5403726708074534,172,Horror
sbert_lr,first_50,42,28,0.572289156626506,0.6909090909090909,0.6260296540362438,275,Action
sbert_lr,first_50,42,35,0.4993197278911565,0.8398169336384439,0.6262798634812287,437,Comedy
sbert_lr,first_50,42,36,0.4489795918367347,0.3793103448275862,0.411214953271028,58,History
sbert_lr,first_50,42,37,0.8333333333333334,0.2631578947368421,0.4,19,Western
sbert_lr,first_50,42,53,0.5340050377833753,0.6483180428134556,0.585635359116022,327,Thriller
sbert_lr,first_50,42,80,0.4880382775119617,0.5425531914893617,0.5138539042821159,188,Crime
sbert_lr,first_50,42,878,0.65625,0.5714285714285714,0.610909090909091,147,Science Fiction
sbert_lr,first_50,42,9648,0.32098765432098764,0.22608695652173913,0.2653061224489796,115,Mystery
sbert_lr,first_50,42,10402,0.5,0.4166666666666667,0.45454545454545453,36,Music
sbert_lr,first_50,42,10749,0.4559386973180077,0.5748792270531401,0.5085470085470085,207,Romance
sbert_lr,first_50,42,10751,0.5703703703703704,0.5620437956204379,0.5661764705882353,137,Family
sbert_lr,first_50,42,10752,0.5348837209302325,0.5348837209302325,0.5348837209302325,43,War
sbert_lr,first_50,42,10770,0.0,0.0,0.0,14,TV Movie
sbert_lr,first_75,42,12,0.543859649122807,0.6294416243654822,0.5835294117647059,197,Adventure
sbert_lr,first_75,42,14,0.5037593984962406,0.4855072463768116,0.4944649446494465,138,Fantasy
sbert_lr,first_75,42,16,0.48507462686567165,0.5752212389380531,0.5263157894736842,113,Animation
sbert_lr,first_75,42,18,0.5378061767838126,0.9369202226345084,0.6833558863328822,539,Drama
sbert_lr,first_75,42,27,0.5483870967741935,0.5930232558139535,0.5698324022346368,172,Horror
sbert_lr,first_75,42,28,0.5774278215223098,0.8,0.6707317073170732,275,Action
sbert_lr,first_75,42,35,0.5228215767634855,0.8649885583524027,0.6517241379310345,437,Comedy
sbert_lr,first_75,42,36,0.5116279069767442,0.3793103448275862,0.43564356435643564,58,History
sbert_lr,first_75,42,37,0.8,0.21052631578947367,0.3333333333333333,19,Western
sbert_lr,first_75,42,53,0.5042918454935622,0.7186544342507645,0.592686002522068,327,Thriller
sbert_lr,first_75,42,80,0.5020080321285141,0.6648936170212766,0.5720823798627003,188,Crime
sbert_lr,first_75,42,878,0.6644295302013423,0.673469387755102,0.668918918918919,147,Science Fiction
sbert_lr,first_75,42,9648,0.33,0.28695652173913044,0.30697674418604654,115,Mystery
sbert_lr,first_75,42,10402,0.5666666666666667,0.4722222222222222,0.5151515151515151,36,Music
sbert_lr,first_75,42,10749,0.48175182481751827,0.6376811594202898,0.5488565488565489,207,Romance
sbert_lr,first_75,42,10751,0.581081081081081,0.6277372262773723,0.6035087719298246,137,Family
sbert_lr,first_75,42,10752,0.5813953488372093,0.5813953488372093,0.5813953488372093,43,War
sbert_lr,first_75,42,10770,0.0,0.0,0.0,14,TV Movie
sbert_lr,masked,42,12,0.39429928741092635,0.8426395939086294,0.5372168284789643,197,Adventure
sbert_lr,masked,42,14,0.3901345291479821,0.6304347826086957,0.481994459833795,138,Fantasy
sbert_lr,masked,42,16,0.3407079646017699,0.6814159292035398,0.45427728613569324,113,Animation
sbert_lr,masked,42,18,0.58375,0.8664192949907236,0.6975354742345033,539,Drama
sbert_lr,masked,42,27,0.5737704918032787,0.6104651162790697,0.5915492957746479,172,Horror
sbert_lr,masked,42,28,0.5607734806629834,0.7381818181818182,0.6373626373626373,275,Action
sbert_lr,masked,42,35,0.4785714285714286,0.919908466819222,0.6296006264682851,437,Comedy
sbert_lr,masked,42,36,0.4827586206896552,0.2413793103448276,0.3218390804597701,58,History
sbert_lr,masked,42,37,1.0,0.10526315789473684,0.19047619047619047,19,Western
sbert_lr,masked,42,53,0.5191815856777494,0.6207951070336392,0.5654596100278552,327,Thriller
sbert_lr,masked,42,80,0.5088757396449705,0.4574468085106383,0.48179271708683474,188,Crime
sbert_lr,masked,42,878,0.5747126436781609,0.6802721088435374,0.6230529595015576,147,Science Fiction
sbert_lr,masked,42,9648,0.4166666666666667,0.21739130434782608,0.2857142857142857,115,Mystery
sbert_lr,masked,42,10402,0.25,0.08333333333333333,0.125,36,Music
sbert_lr,masked,42,10749,0.48623853211009177,0.5120772946859904,0.4988235294117647,207,Romance
sbert_lr,masked,42,10751,0.3724137931034483,0.7883211678832117,0.5058548009367682,137,Family
sbert_lr,masked,42,10752,0.7272727272727273,0.37209302325581395,0.49230769230769234,43,War
sbert_lr,masked,42,10770,0.0,0.0,0.0,14,TV Movie
sbert_lr,original,42,12,0.5458015267175572,0.7258883248730964,0.6230936819172114,197,Adventure
sbert_lr,original,42,14,0.47770700636942676,0.5434782608695652,0.5084745762711864,138,Fantasy
sbert_lr,original,42,16,0.5338345864661654,0.6283185840707964,0.5772357723577236,113,Animation
sbert_lr,original,42,18,0.5540838852097131,0.9313543599257885,0.6948096885813149,539,Drama
sbert_lr,original,42,27,0.5492957746478874,0.6802325581395349,0.6077922077922078,172,Horror
sbert_lr,original,42,28,0.5597014925373134,0.8181818181818182,0.6646971935007385,275,Action
sbert_lr,original,42,35,0.530239099859353,0.8627002288329519,0.6567944250871081,437,Comedy
sbert_lr,original,42,36,0.5,0.43103448275862066,0.46296296296296297,58,History
sbert_lr,original,42,37,0.8,0.21052631578947367,0.3333333333333333,19,Western
sbert_lr,original,42,53,0.5180467091295117,0.746177370030581,0.6115288220551378,327,Thriller
sbert_lr,original,42,80,0.49606299212598426,0.6702127659574468,0.5701357466063348,188,Crime
sbert_lr,original,42,878,0.6402439024390244,0.7142857142857143,0.6752411575562701,147,Science Fiction
sbert_lr,original,42,9648,0.42857142857142855,0.391304347826087,0.4090909090909091,115,Mystery
sbert_lr,original,42,10402,0.5806451612903226,0.5,0.5373134328358209,36,Music
sbert_lr,original,42,10749,0.5142857142857142,0.6956521739130435,0.5913757700205339,207,Romance
sbert_lr,original,42,10751,0.58125,0.6788321167883211,0.6262626262626263,137,Family
sbert_lr,original,42,10752,0.7435897435897436,0.6744186046511628,0.7073170731707317,43,War
sbert_lr,original,42,10770,0.0,0.0,0.0,14,TV Movie
sbert_lr,shuffled,42,12,0.5482625482625483,0.7208121827411168,0.6228070175438597,197,Adventure
sbert_lr,shuffled,42,14,0.4634146341463415,0.5507246376811594,0.5033112582781457,138,Fantasy
sbert_lr,shuffled,42,16,0.5070422535211268,0.6371681415929203,0.5647058823529412,113,Animation
sbert_lr,shuffled,42,18,0.5532150776053215,0.9257884972170687,0.6925746009715475,539,Drama
sbert_lr,shuffled,42,27,0.587378640776699,0.7034883720930233,0.6402116402116402,172,Horror
sbert_lr,shuffled,42,28,0.5628140703517588,0.8145454545454546,0.6656760772659732,275,Action
sbert_lr,shuffled,42,35,0.5294924554183813,0.8832951945080092,0.6620926243567753,437,Comedy
sbert_lr,shuffled,42,36,0.4716981132075472,0.43103448275862066,0.45045045045045046,58,History
sbert_lr,shuffled,42,37,0.75,0.15789473684210525,0.2608695652173913,19,Western
sbert_lr,shuffled,42,53,0.5222929936305732,0.7522935779816514,0.6165413533834586,327,Thriller
sbert_lr,shuffled,42,80,0.5,0.6595744680851063,0.5688073394495413,188,Crime
sbert_lr,shuffled,42,878,0.6242424242424243,0.7006802721088435,0.6602564102564102,147,Science Fiction
sbert_lr,shuffled,42,9648,0.4368932038834951,0.391304347826087,0.41284403669724773,115,Mystery
sbert_lr,shuffled,42,10402,0.5862068965517241,0.4722222222222222,0.5230769230769231,36,Music
sbert_lr,shuffled,42,10749,0.5239852398523985,0.6859903381642513,0.5941422594142259,207,Romance
sbert_lr,shuffled,42,10751,0.5481927710843374,0.6642335766423357,0.6006600660066007,137,Family
sbert_lr,shuffled,42,10752,0.5909090909090909,0.6046511627906976,0.5977011494252874,43,War
sbert_lr,shuffled,42,10770,0.0,0.0,0.0,14,TV Movie
tfidf_lr,first_25,42,12,0.4697986577181208,0.3553299492385787,0.4046242774566474,197,Adventure
tfidf_lr,first_25,42,14,0.3963963963963964,0.3188405797101449,0.3534136546184739,138,Fantasy
tfidf_lr,first_25,42,16,0.46938775510204084,0.40707964601769914,0.43601895734597157,113,Animation
tfidf_lr,first_25,42,18,0.5789473684210527,0.7142857142857143,0.6395348837209303,539,Drama
tfidf_lr,first_25,42,27,0.48360655737704916,0.3430232558139535,0.4013605442176871,172,Horror
tfidf_lr,first_25,42,28,0.5818181818181818,0.46545454545454545,0.5171717171717172,275,Action
tfidf_lr,first_25,42,35,0.5192307692307693,0.5560640732265446,0.5370165745856353,437,Comedy
tfidf_lr,first_25,42,36,0.23255813953488372,0.3448275862068966,0.2777777777777778,58,History
tfidf_lr,first_25,42,37,0.375,0.3157894736842105,0.34285714285714286,19,Western
tfidf_lr,first_25,42,53,0.5052631578947369,0.44036697247706424,0.47058823529411764,327,Thriller
tfidf_lr,first_25,42,80,0.5179856115107914,0.3829787234042553,0.44036697247706424,188,Crime
tfidf_lr,first_25,42,878,0.6,0.40816326530612246,0.48582995951417,147,Science Fiction
tfidf_lr,first_25,42,9648,0.2692307692307692,0.1826086956521739,0.21761658031088082,115,Mystery
tfidf_lr,first_25,42,10402,0.36363636363636365,0.3333333333333333,0.34782608695652173,36,Music
tfidf_lr,first_25,42,10749,0.4106280193236715,0.4106280193236715,0.4106280193236715,207,Romance
tfidf_lr,first_25,42,10751,0.453781512605042,0.39416058394160586,0.421875,137,Family
tfidf_lr,first_25,42,10752,0.4666666666666667,0.4883720930232558,0.4772727272727273,43,War
tfidf_lr,first_25,42,10770,0.2,0.07142857142857142,0.10526315789473684,14,TV Movie
tfidf_lr,first_50,42,12,0.5161290322580645,0.4873096446700508,0.5013054830287206,197,Adventure
tfidf_lr,first_50,42,14,0.4426229508196721,0.391304347826087,0.4153846153846154,138,Fantasy
tfidf_lr,first_50,42,16,0.5145631067961165,0.4690265486725664,0.49074074074074076,113,Animation
tfidf_lr,first_50,42,18,0.6161290322580645,0.7087198515769945,0.6591889559965487,539,Drama
tfidf_lr,first_50,42,27,0.5506329113924051,0.5058139534883721,0.5272727272727272,172,Horror
tfidf_lr,first_50,42,28,0.6060606060606061,0.5818181818181818,0.5936920222634509,275,Action
tfidf_lr,first_50,42,35,0.5687885010266941,0.6338672768878718,0.5995670995670995,437,Comedy
tfidf_lr,first_50,42,36,0.2911392405063291,0.39655172413793105,0.3357664233576642,58,History
tfidf_lr,first_50,42,37,0.6363636363636364,0.3684210526315789,0.4666666666666667,19,Western
tfidf_lr,first_50,42,53,0.5906040268456376,0.5382262996941896,0.5632,327,Thriller
tfidf_lr,first_50,42,80,0.5657894736842105,0.4574468085106383,0.5058823529411764,188,Crime
tfidf_lr,first_50,42,878,0.5954198473282443,0.5306122448979592,0.5611510791366906,147,Science Fiction
tfidf_lr,first_50,42,9648,0.3235294117647059,0.28695652173913044,0.30414746543778803,115,Mystery
tfidf_lr,first_50,42,10402,0.48148148148148145,0.3611111111111111,0.4126984126984127,36,Music
tfidf_lr,first_50,42,10749,0.43891402714932126,0.46859903381642515,0.4532710280373832,207,Romance
tfidf_lr,first_50,42,10751,0.5,0.4744525547445255,0.4868913857677903,137,Family
tfidf_lr,first_50,42,10752,0.5365853658536586,0.5116279069767442,0.5238095238095238,43,War
tfidf_lr,first_50,42,10770,0.25,0.07142857142857142,0.1111111111111111,14,TV Movie
tfidf_lr,first_75,42,12,0.5363636363636364,0.5989847715736041,0.565947242206235,197,Adventure
tfidf_lr,first_75,42,14,0.5118110236220472,0.47101449275362317,0.49056603773584906,138,Fantasy
tfidf_lr,first_75,42,16,0.5315315315315315,0.5221238938053098,0.5267857142857143,113,Animation
tfidf_lr,first_75,42,18,0.6429809358752167,0.6883116883116883,0.6648745519713262,539,Drama
tfidf_lr,first_75,42,27,0.576271186440678,0.5930232558139535,0.5845272206303725,172,Horror
tfidf_lr,first_75,42,28,0.6254180602006689,0.68,0.6515679442508711,275,Action
tfidf_lr,first_75,42,35,0.5866388308977035,0.6430205949656751,0.6135371179039302,437,Comedy
tfidf_lr,first_75,42,36,0.25301204819277107,0.3620689655172414,0.2978723404255319,58,History
tfidf_lr,first_75,42,37,0.7777777777777778,0.3684210526315789,0.5,19,Western
tfidf_lr,first_75,42,53,0.5766871165644172,0.5749235474006116,0.5758039816232772,327,Thriller
tfidf_lr,first_75,42,80,0.5510204081632653,0.574468085106383,0.5625,188,Crime
tfidf_lr,first_75,42,878,0.6466165413533834,0.5850340136054422,0.6142857142857143,147,Science Fiction
tfidf_lr,first_75,42,9648,0.3409090909090909,0.391304347826087,0.3643724696356275,115,Mystery
tfidf_lr,first_75,42,10402,0.5,0.4722222222222222,0.4857142857142857,36,Music
tfidf_lr,first_75,42,10749,0.4976958525345622,0.5217391304347826,0.5094339622641509,207,Romance
tfidf_lr,first_75,42,10751,0.5241379310344828,0.5547445255474452,0.5390070921985816,137,Family
tfidf_lr,first_75,42,10752,0.5416666666666666,0.6046511627906976,0.5714285714285714,43,War
tfidf_lr,first_75,42,10770,1.0,0.14285714285714285,0.25,14,TV Movie
tfidf_lr,masked,42,12,0.4691358024691358,0.5786802030456852,0.5181818181818182,197,Adventure
tfidf_lr,masked,42,14,0.43884892086330934,0.4420289855072464,0.4404332129963899,138,Fantasy
tfidf_lr,masked,42,16,0.5353535353535354,0.4690265486725664,0.5,113,Animation
tfidf_lr,masked,42,18,0.6404040404040404,0.588126159554731,0.6131528046421664,539,Drama
tfidf_lr,masked,42,27,0.5340314136125655,0.5930232558139535,0.5619834710743802,172,Horror
tfidf_lr,masked,42,28,0.6096774193548387,0.6872727272727273,0.6461538461538462,275,Action
tfidf_lr,masked,42,35,0.5881147540983607,0.6567505720823799,0.6205405405405405,437,Comedy
tfidf_lr,masked,42,36,0.2765957446808511,0.22413793103448276,0.24761904761904763,58,History
tfidf_lr,masked,42,37,0.7142857142857143,0.2631578947368421,0.38461538461538464,19,Western
tfidf_lr,masked,42,53,0.5923344947735192,0.5198776758409785,0.5537459283387622,327,Thriller
tfidf_lr,masked,42,80,0.5146198830409356,0.46808510638297873,0.49025069637883006,188,Crime
tfidf_lr,masked,42,878,0.6083333333333333,0.4965986394557823,0.5468164794007491,147,Science Fiction
tfidf_lr,masked,42,9648,0.3761467889908257,0.3565217391304348,0.36607142857142855,115,Mystery
tfidf_lr,masked,42,10402,0.3,0.16666666666666666,0.21428571428571427,36,Music
tfidf_lr,masked,42,10749,0.45588235294117646,0.4492753623188406,0.45255474452554745,207,Romance
tfidf_lr,masked,42,10751,0.5343511450381679,0.5109489051094891,0.5223880597014925,137,Family
tfidf_lr,masked,42,10752,0.4827586206896552,0.32558139534883723,0.3888888888888889,43,War
tfidf_lr,masked,42,10770,1.0,0.07142857142857142,0.13333333333333333,14,TV Movie
tfidf_lr,original,42,12,0.5211864406779662,0.6243654822335025,0.5681293302540416,197,Adventure
tfidf_lr,original,42,14,0.47878787878787876,0.572463768115942,0.5214521452145214,138,Fantasy
tfidf_lr,original,42,16,0.5038759689922481,0.5752212389380531,0.5371900826446281,113,Animation
tfidf_lr,original,42,18,0.6683937823834197,0.7179962894248608,0.6923076923076923,539,Drama
tfidf_lr,original,42,27,0.5854922279792746,0.6569767441860465,0.6191780821917808,172,Horror
tfidf_lr,original,42,28,0.6403785488958991,0.7381818181818182,0.6858108108108109,275,Action
tfidf_lr,original,42,35,0.6217948717948718,0.665903890160183,0.6430939226519337,437,Comedy
tfidf_lr,original,42,36,0.2676056338028169,0.3275862068965517,0.29457364341085274,58,History
tfidf_lr,original,42,37,0.7272727272727273,0.42105263157894735,0.5333333333333333,19,Western
tfidf_lr,original,42,53,0.5966850828729282,0.6605504587155964,0.6269956458635704,327,Thriller
tfidf_lr,original,42,80,0.5545023696682464,0.6223404255319149,0.5864661654135338,188,Crime
tfidf_lr,original,42,878,0.6139240506329114,0.6598639455782312,0.6360655737704918,147,Science Fiction
tfidf_lr,original,42,9648,0.37254901960784315,0.4956521739130435,0.4253731343283582,115,Mystery
tfidf_lr,original,42,10402,0.5862068965517241,0.4722222222222222,0.5230769230769231,36,Music
tfidf_lr,original,42,10749,0.5355648535564853,0.6183574879227053,0.5739910313901345,207,Romance
tfidf_lr,original,42,10751,0.55,0.6423357664233577,0.5925925925925926,137,Family
tfidf_lr,original,42,10752,0.58,0.6744186046511628,0.6236559139784946,43,War
tfidf_lr,original,42,10770,1.0,0.14285714285714285,0.25,14,TV Movie
tfidf_lr,shuffled,42,12,0.5299145299145299,0.6294416243654822,0.5754060324825986,197,Adventure
tfidf_lr,shuffled,42,14,0.46745562130177515,0.572463768115942,0.5146579804560261,138,Fantasy
tfidf_lr,shuffled,42,16,0.5,0.5752212389380531,0.5349794238683128,113,Animation
tfidf_lr,shuffled,42,18,0.6678260869565218,0.712430426716141,0.6894075403949731,539,Drama
tfidf_lr,shuffled,42,27,0.5894736842105263,0.6511627906976745,0.6187845303867403,172,Horror
tfidf_lr,shuffled,42,28,0.6403785488958991,0.7381818181818182,0.6858108108108109,275,Action
tfidf_lr,shuffled,42,35,0.6220806794055201,0.6704805491990846,0.6453744493392071,437,Comedy
tfidf_lr,shuffled,42,36,0.2702702702702703,0.3448275862068966,0.30303030303030304,58,History
tfidf_lr,shuffled,42,37,0.7272727272727273,0.42105263157894735,0.5333333333333333,19,Western
tfidf_lr,shuffled,42,53,0.5950413223140496,0.6605504587155964,0.6260869565217392,327,Thriller
tfidf_lr,shuffled,42,80,0.5550239234449761,0.6170212765957447,0.5843828715365239,188,Crime
tfidf_lr,shuffled,42,878,0.6125,0.6666666666666666,0.6384364820846905,147,Science Fiction
tfidf_lr,shuffled,42,9648,0.3724137931034483,0.46956521739130436,0.4153846153846154,115,Mystery
tfidf_lr,shuffled,42,10402,0.5666666666666667,0.4722222222222222,0.5151515151515151,36,Music
tfidf_lr,shuffled,42,10749,0.5352697095435685,0.6231884057971014,0.5758928571428571,207,Romance
tfidf_lr,shuffled,42,10751,0.5379746835443038,0.6204379562043796,0.576271186440678,137,Family
tfidf_lr,shuffled,42,10752,0.6041666666666666,0.6744186046511628,0.6373626373626373,43,War
tfidf_lr,shuffled,42,10770,1.0,0.14285714285714285,0.25,14,TV Movie
