movie_id,title,variant,predicted_genre_ids,predicted_genres,predicted_label_count
1210,Control,original,18;35,Drama; Comedy,2
1288,Shang-Chi and the Legend of the Ten Rings,original,12;14;16;28,Adventure; Fantasy; Animation; Action,4
6147,Dry,original,18;27,Drama; Horror,2
120,Shutter Island,original,18;28;53;80;9648,Drama; Action; Thriller; Crime; Mystery,5
3105,Galaxy Quest,original,12;28;53;878,Adventure; Action; Thriller; Science Fiction,4
4250,Spy,original,18;28;35;53;80,Drama; Action; Comedy; Thriller; Crime,5
350,Million Dollar Baby,original,18;35;10751,Drama; Comedy; Family,3
6325,Spree,original,28;35;53,Action; Comedy; Thriller,3
1898,The Time Machine,original,12;18;53;878,Adventure; Drama; Thriller; Science Fiction,4
9290,Survivor,original,18;28;53;80,Drama; Action; Thriller; Crime,4
9395,The Hunters,original,12;14;27;28;878;10751,Adventure; Fantasy; Horror; Action; Science Fiction; Family,6
7853,Goosebumps 2: Haunted Halloween,original,12;27;35;10751,Adventure; Horror; Comedy; Family,4
2734,Petite Maman,original,18;9648,Drama; Mystery,2
2181,Victor/Victoria,original,18;35;10749,Drama; Comedy; Romance,3
8548,Volcano,original,18;27;35;53;878,Drama; Horror; Comedy; Thriller; Science Fiction,5
4191,About Schmidt,original,18;35;10749,Drama; Comedy; Romance,3
1320,The Rules of the Game,original,18;35,Drama; Comedy,2
1419,The Reader,original,18;53;10749,Drama; Thriller; Romance,3
1016,In a Lonely Place,original,18;35;53;80;10749,Drama; Comedy; Thriller; Crime; Romance,5
110,Puss in Boots: The Last Wish,original,12;16;18;10751,Adventure; Animation; Drama; Family,4
8307,The 6th Day,original,12;28;53;878,Adventure; Action; Thriller; Science Fiction,4
6202,Jackie,original,18;36,Drama; History,2
5861,I'm Not There,original,18;35;10402,Drama; Comedy; Music,3
764,Manhattan,original,18;35;10749,Drama; Comedy; Romance,3
4105,Margin Call,original,18;53,Drama; Thriller,2
6763,Three Floors,original,18;35,Drama; Comedy,2
8256,Neuilly Yo Mama!,original,18;28;35;80,Drama; Action; Comedy; Crime,4
3483,10 Cloverfield Lane,original,18;27;28;53;878,Drama; Horror; Action; Thriller; Science Fiction,5
8226,How to Lose Friends & Alienate People,original,18;35,Drama; Comedy,2
4316,Ashfall,original,12;14;16;28;35;10751,Adventure; Fantasy; Animation; Action; Comedy; Family,6
3917,Clash of the Titans,original,12;14;16;28;35;878;10749;10751,Adventure; Fantasy; Animation; Action; Comedy; Science Fiction; Romance; Family,8
1199,The Train,original,12;18;28;35;10752,Adventure; Drama; Action; Comedy; War,5
731,Safety Last!,original,12;35,Adventure; Comedy,2
5218,Rambo: First Blood Part II,original,12;18;28;53;80,Adventure; Drama; Action; Thriller; Crime,5
5136,The Trip,original,35;10749,Comedy; Romance,2
8940,Henry's Crime,original,18;28;53;80,Drama; Action; Thriller; Crime,4
6940,Archive,original,18;28;53;878,Drama; Action; Thriller; Science Fiction,4
4263,Justice League: The New Frontier,original,12;16;28;878,Adventure; Animation; Action; Science Fiction,4
6066,God Willing,original,18;35,Drama; Comedy,2
2945,Gia,original,18;35;10749,Drama; Comedy; Romance,3
4732,The Longest Yard,original,18;53;80,Drama; Thriller; Crime,3
8744,Phantom,original,12;18;28;53;9648,Adventure; Drama; Action; Thriller; Mystery,5
6262,A California Christmas,original,18;35;10749;10751,Drama; Comedy; Romance; Family,4
5233,Something's Gotta Give,original,18;35;10749,Drama; Comedy; Romance,3
6947,Return of the Hero,original,12;18;35;10749,Adventure; Drama; Comedy; Romance,4
6591,The Collection,original,12;14;27;28,Adventure; Fantasy; Horror; Action,4
997,Harold and Maude,original,18;35;10749,Drama; Comedy; Romance,3
5071,Pollock,original,18;36,Drama; History,2
8027,Fortress,original,18;27;28;53;878,Drama; Horror; Action; Thriller; Science Fiction,5
9716,17 Girls,original,35,Comedy,1
9919,Toys,original,12;14;18;35;10751,Adventure; Fantasy; Drama; Comedy; Family,5
8209,House of Wax,original,12;27;878,Adventure; Horror; Science Fiction,3
7139,The Little Shop of Horrors,original,18;35;10749,Drama; Comedy; Romance,3
9944,The Phantom,original,12;14;16;28;35;878;10751,Adventure; Fantasy; Animation; Action; Comedy; Science Fiction; Family,7
8063,The Brats,original,18;35;10749,Drama; Comedy; Romance,3
5046,Patriot Games,original,18;28;35;53,Drama; Action; Comedy; Thriller,4
293,Barry Lyndon,original,14;18;28;35,Fantasy; Drama; Action; Comedy,4
553,Sunrise: A Song of Two Humans,original,18;35;10749,Drama; Comedy; Romance,3
7939,The 51st State,original,18;35;53;80,Drama; Comedy; Thriller; Crime,4
4233,Underworld,original,14;27;28,Fantasy; Horror; Action,3
9238,Maggie's Plan,original,18;35;10749,Drama; Comedy; Romance,3
4951,Harold and the Purple Crayon,original,12;14;18;35;10751,Adventure; Fantasy; Drama; Comedy; Family,5
7035,The Assistant,original,18;53,Drama; Thriller,2
8603,Robin Hood,original,12;14;18;28;36;10752,Adventure; Fantasy; Drama; Action; History; War,6
3330,Hoosiers,original,18;35,Drama; Comedy,2
4255,The Pit and the Pendulum,original,18;36;9648,Drama; History; Mystery,3
1293,Training Day,original,18;28;35;53;80,Drama; Action; Comedy; Thriller; Crime,5
540,F1,original,18;28;35,Drama; Action; Comedy,3
4235,Barbarian,original,18;35;53;10749,Drama; Comedy; Thriller; Romance,4
6601,FernGully: The Last Rainforest,original,12;14;16;35;10751,Adventure; Fantasy; Animation; Comedy; Family,5
1973,Spider-Man: Homecoming,original,12;18;28;878,Adventure; Drama; Action; Science Fiction,4
6557,Nighthawks,original,28;53;80,Action; Thriller; Crime,3
5705,Super Troopers,original,18;28;35;53;80,Drama; Action; Comedy; Thriller; Crime,5
5731,The Witches of Eastwick,original,18;35;10749,Drama; Comedy; Romance,3
7665,Push,original,28;53;80;9648,Action; Thriller; Crime; Mystery,4
7180,Insidious: The Last Key,original,18;27;53;9648,Drama; Horror; Thriller; Mystery,4
977,Stagecoach,original,12;18;53,Adventure; Drama; Thriller,3
9691,Be Cool,original,18;35;80;10402;10749,Drama; Comedy; Crime; Music; Romance,5
8418,Tin & Tina,original,18;35;10749,Drama; Comedy; Romance,3
3626,Compartment No. 6,original,18;53;10749,Drama; Thriller; Romance,3
2034,Justice League: Crisis on Two Earths,original,12;14;16;28;878,Adventure; Fantasy; Animation; Action; Science Fiction,5
4098,The Strange Thing About the Johnsons,original,18;53,Drama; Thriller,2
9643,Wanderlust,original,18;35;10749,Drama; Comedy; Romance,3
4179,Flight,original,18;28;35;53;80,Drama; Action; Comedy; Thriller; Crime,5
6176,For Love of the Game,original,18;35;10749,Drama; Comedy; Romance,3
7119,Taken 3,original,18;28;53;80;9648,Drama; Action; Thriller; Crime; Mystery,5
2173,Stardust,original,12;14;18,Adventure; Fantasy; Drama,3
189,The Father,original,18;53,Drama; Thriller,2
7372,He Never Died,original,14;18;35;53,Fantasy; Drama; Comedy; Thriller,4
1626,Saw,original,12;27;28;35;53;80,Adventure; Horror; Action; Comedy; Thriller; Crime,6
563,The Avengers,original,12;18;28;35;53;878,Adventure; Drama; Action; Comedy; Thriller; Science Fiction,6
1784,Grease,original,18;35;10749,Drama; Comedy; Romance,3
6167,Bride & Prejudice,original,18;35;10749,Drama; Comedy; Romance,3
7022,Severance,original,27;28;35;53,Horror; Action; Comedy; Thriller,4
7046,Child 44,original,18;53;80;9648,Drama; Thriller; Crime; Mystery,4
6244,Life,original,12;35;878,Adventure; Comedy; Science Fiction,3
1057,10 Things I Hate About You,original,18;35;10749,Drama; Comedy; Romance,3
645,The King of Comedy,original,18;35,Drama; Comedy,2
371,Don't Look Now... We're Being Shot At!,original,12;18;28;36;10752,Adventure; Drama; Action; History; War,5
5995,Assassins,original,18;28;53;80,Drama; Action; Thriller; Crime,4
8216,Shaft,original,18;28;53;80,Drama; Action; Thriller; Crime,4
3421,Wild,original,18;53,Drama; Thriller,2
1869,Possession,original,18;27;53;9648,Drama; Horror; Thriller; Mystery,4
5536,Star Trek III: The Search for Spock,original,28;35;878,Action; Comedy; Science Fiction,3
6922,King Arthur,original,12;14;18;28;36,Adventure; Fantasy; Drama; Action; History,5
6810,Second Act,original,18;35;10749,Drama; Comedy; Romance,3
4033,Mad God,original,12;14;16;27;28;53;878,Adventure; Fantasy; Animation; Horror; Action; Thriller; Science Fiction,7
8510,She-Devil,original,18;35;53;10749,Drama; Comedy; Thriller; Romance,4
8582,The Karate Kid Part III,original,18;28,Drama; Action,2
8712,Righteous Kill,original,18;28;53;80;9648,Drama; Action; Thriller; Crime; Mystery,5
1427,Glory,original,18;36;10752,Drama; History; War,3
2328,"Planes, Trains and Automobiles",original,35;10749,Comedy; Romance,2
7303,Chernobyl: Abyss,original,18;36;878,Drama; History; Science Fiction,3
4803,Escape Plan,original,18;28;53;80,Drama; Action; Thriller; Crime,4
2657,The Driver,original,18;28;35;53;80,Drama; Action; Comedy; Thriller; Crime,5
530,An Autumn Afternoon,original,18;10749,Drama; Romance,2
3412,The Zone of Interest,original,18;35;36;10752,Drama; Comedy; History; War,4
7021,Great Balls of Fire!,original,18;35;36;10402,Drama; Comedy; History; Music,4
3863,The Substitute,original,28;35;53;80,Action; Comedy; Thriller; Crime,4
769,BPM (Beats per Minute),original,18;53;878,Drama; Thriller; Science Fiction,3
603,Land of Mine,original,18;28;53;10752,Drama; Action; Thriller; War,4
1826,The Way of the Dragon,original,12;18;28;35;80,Adventure; Drama; Action; Comedy; Crime,5
9990,Marmaduke,original,18;35;10751,Drama; Comedy; Family,3
5454,Titan A.E.,original,12;18;28;878,Adventure; Drama; Action; Science Fiction,4
4689,King of New York,original,18;28;35;53;80,Drama; Action; Comedy; Thriller; Crime,5
1769,Babylon,original,18;35;36;10402,Drama; Comedy; History; Music,4
7109,The Noel Diary,original,18;9648,Drama; Mystery,2
7040,Basilicata Coast to Coast,original,18;35;10402,Drama; Comedy; Music,3
2951,Bitter Moon,original,18;35;10749,Drama; Comedy; Romance,3
4916,Return to Oz,original,14;18;10749,Fantasy; Drama; Romance,3
8894,6 Below: Miracle on the Mountain,original,18;53,Drama; Thriller,2
3547,Mamma Mia!,original,18;35;10749,Drama; Comedy; Romance,3
4476,Winter's Bone,original,18;27,Drama; Horror,2
5633,Seeking a Friend for the End of the World,original,35;53;878;10749,Comedy; Thriller; Science Fiction; Romance,4
3732,The Isle,original,16;18;35;10749,Animation; Drama; Comedy; Romance,4
9559,The Conference,original,18;28;53;80,Drama; Action; Thriller; Crime,4
365,Spider-Man: No Way Home,original,12;14;16;28;35;878,Adventure; Fantasy; Animation; Action; Comedy; Science Fiction,6
9417,Admission,original,18;35;10749,Drama; Comedy; Romance,3
1174,The Six Triple Eight,original,18;28;36;10752,Drama; Action; History; War,4
6956,Bandits,original,18;28;35;53;80;10749,Drama; Action; Comedy; Thriller; Crime; Romance,6
259,Amadeus,original,18;35,Drama; Comedy,2
5569,Flesh + Blood,original,12;14;28;35;53,Adventure; Fantasy; Action; Comedy; Thriller,5
1042,Evangelion: 1.0 You Are (Not) Alone,original,16;27;28;878,Animation; Horror; Action; Science Fiction,4
5282,Colombiana,original,27;28;53;80,Horror; Action; Thriller; Crime,4
9250,Alvin and the Chipmunks: Chipwrecked,original,12;16;27;35;878;10751,Adventure; Animation; Horror; Comedy; Science Fiction; Family,6
7326,There's No Place Like Home,original,18;35;10749,Drama; Comedy; Romance,3
475,A Bronx Tale,original,18;80,Drama; Crime,2
7344,Waiting...,original,27;28;35;53,Horror; Action; Comedy; Thriller,4
3786,White Chicks,original,18;28;35;53;80,Drama; Action; Comedy; Thriller; Crime,5
6347,Shaft,original,12;28;53;80;9648,Adventure; Action; Thriller; Crime; Mystery,5
9922,Mutant Chronicles,original,12;18;28;53;878,Adventure; Drama; Action; Thriller; Science Fiction,5
4664,He Got Game,original,18;35,Drama; Comedy,2
5439,The Finest Hours,original,12;18;28;53;10752,Adventure; Drama; Action; Thriller; War,5
2950,Cross of Iron,original,18;28;36;53;10752,Drama; Action; History; Thriller; War,5
9117,Rules Don't Apply,original,18;35;10749,Drama; Comedy; Romance,3
5908,Seoul Station,original,16;27;28;53;878,Animation; Horror; Action; Thriller; Science Fiction,5
8203,Up for Love,original,18;35;53;10749,Drama; Comedy; Thriller; Romance,4
6735,"Roman J. Israel, Esq.",original,18;35,Drama; Comedy,2
2161,Swades,original,18;35;878,Drama; Comedy; Science Fiction,3
1965,All That Heaven Allows,original,18;35;10749,Drama; Comedy; Romance,3
21,Fight Club,original,18;28;35;53;80,Drama; Action; Comedy; Thriller; Crime,5
6143,Ice Age: A Mammoth Christmas,original,12;14;16;35;10751,Adventure; Fantasy; Animation; Comedy; Family,5
3839,Antwone Fisher,original,18;53,Drama; Thriller,2
8704,Cooties,original,12;27;28;53;878,Adventure; Horror; Action; Thriller; Science Fiction,5
5092,Charlie Bartlett,original,18;35,Drama; Comedy,2
868,A Charlie Brown Christmas,original,14;16;18;35;10751,Fantasy; Animation; Drama; Comedy; Family,5
4932,The Stepford Wives,original,18;35;10749,Drama; Comedy; Romance,3
5225,Jack Reacher,original,18;27;28;53;80;9648,Drama; Horror; Action; Thriller; Crime; Mystery,6
2573,Upgraded,original,18;35;10749,Drama; Comedy; Romance,3
3624,A Conspiracy of Faith,original,18;27;53;9648,Drama; Horror; Thriller; Mystery,4
2062,Kung Fu Panda,original,12;14;16;28;35;10751,Adventure; Fantasy; Animation; Action; Comedy; Family,6
8654,Men in Black: International,original,12;28;53;878,Adventure; Action; Thriller; Science Fiction,4
1791,Asterix & Obelix: Mission Cleopatra,original,12;18;35;36,Adventure; Drama; Comedy; History,4
5534,May December,original,18;35;10749,Drama; Comedy; Romance,3
7704,Crossing Over,original,18;28;53;878,Drama; Action; Thriller; Science Fiction,4
8983,The Man,original,18;28;35;53;80;9648,Drama; Action; Comedy; Thriller; Crime; Mystery,6
5453,Main Hoon Na,original,18;28;35;53,Drama; Action; Comedy; Thriller,4
9626,Leprechaun 2,original,12;14;16;28,Adventure; Fantasy; Animation; Action,4
4336,Time After Time,original,18;28;53;80;878,Drama; Action; Thriller; Crime; Science Fiction,5
5568,"I Love You, Man",original,18;35;10749,Drama; Comedy; Romance,3
8488,An American Werewolf in Paris,original,14;27;28;35;53;878,Fantasy; Horror; Action; Comedy; Thriller; Science Fiction,6
4057,Flavors of Youth,original,18,Drama,1
3456,The Dressmaker,original,18;35;10749,Drama; Comedy; Romance,3
2164,The Seventh Company Has Been Found,original,12;16;35;10751,Adventure; Animation; Comedy; Family,4
9966,With Open Arms,original,18;35,Drama; Comedy,2
7617,28 Days,original,18;35;80,Drama; Comedy; Crime,3
5215,Brother Bear 2,original,12;14;16;35;10751,Adventure; Fantasy; Animation; Comedy; Family,5
5899,Thor: The Dark World,original,12;14;16;28;878,Adventure; Fantasy; Animation; Action; Science Fiction,5
5683,Trust,original,18;35;53;10749,Drama; Comedy; Thriller; Romance,4
8688,King Cobra,original,18;28;35;53,Drama; Action; Comedy; Thriller,4
6197,Your Sister's Sister,original,18;35;10749;10751,Drama; Comedy; Romance; Family,4
9850,Sleeping Beauty,original,14;18;27;10749,Fantasy; Drama; Horror; Romance,4
6159,Judgment Night,original,18;27;28;53;80,Drama; Horror; Action; Thriller; Crime,5
3199,Far from Heaven,original,18;10749,Drama; Romance,2
8679,Problem Child 2,original,18;35,Drama; Comedy,2
1942,High Plains Drifter,original,28;37;53;80,Action; Western; Thriller; Crime,4
9317,The Pact,original,18;27;53;9648,Drama; Horror; Thriller; Mystery,4
481,Bad Genius,original,18;35,Drama; Comedy,2
3280,The Proposition,original,18;53;80,Drama; Thriller; Crime,3
1169,Moulin Rouge!,original,18;35;10402;10749,Drama; Comedy; Music; Romance,4
7475,The Crew,original,18;28;35;53;80,Drama; Action; Comedy; Thriller; Crime,5
6721,Smurfs: The Lost Village,original,12;14;16;35;10751,Adventure; Fantasy; Animation; Comedy; Family,5
297,The Passion of Joan of Arc,original,18;27,Drama; Horror,2
5367,Suicide Kings,original,12;18;28;35;53;80,Adventure; Drama; Action; Comedy; Thriller; Crime,6
6173,Super Fuzz,original,12;28;35;53;878,Adventure; Action; Comedy; Thriller; Science Fiction,5
7924,Monster Trucks,original,12;16;28;35;10751,Adventure; Animation; Action; Comedy; Family,5
2700,Troy,original,12;18;28;36;10749,Adventure; Drama; Action; History; Romance,5
4379,Dark Water,original,18;27;53;9648,Drama; Horror; Thriller; Mystery,4
6784,The Wrath of Becky,original,18;27;53,Drama; Horror; Thriller,3
8228,Kidnapping Mr. Heineken,original,18;35;80,Drama; Comedy; Crime,3
5132,JCVD,original,18;28;35;80,Drama; Action; Comedy; Crime,4
9687,Drive-Away Dolls,original,18;27;35;53;10749,Drama; Horror; Comedy; Thriller; Romance,5
1595,The SpongeBob Movie: Sponge on the Run,original,12;16;28;35;10751,Adventure; Animation; Action; Comedy; Family,5
1329,Breaking the Waves,original,18;35;10749,Drama; Comedy; Romance,3
1923,Nowhere,original,18;53,Drama; Thriller,2
8010,The Pacifier,original,12;18;28;53;878,Adventure; Drama; Action; Thriller; Science Fiction,5
5896,Tideland,original,18;27;53,Drama; Horror; Thriller,3
6459,Cargo,original,18;27;53,Drama; Horror; Thriller,3
9013,Exit Wounds,original,28;35;53;80,Action; Comedy; Thriller; Crime,4
3324,Ip Man 3,original,28;35;53;80,Action; Comedy; Thriller; Crime,4
5770,Little Monsters,original,18;27;35;10402,Drama; Horror; Comedy; Music,4
5902,The Neon Demon,original,18;35;10749,Drama; Comedy; Romance,3
3230,Moby Dick,original,12;18,Adventure; Drama,2
285,Song of the Sea,original,12;14;18;10751,Adventure; Fantasy; Drama; Family,4
5939,The Jane Austen Book Club,original,18;10749,Drama; Romance,2
7077,Extinction,original,12;16;18;27;878,Adventure; Animation; Drama; Horror; Science Fiction,5
1471,High School of the Dead: Drifters of the Dead,original,12;27;28;35;53,Adventure; Horror; Action; Comedy; Thriller,5
4106,Loft,original,18;53;80;9648,Drama; Thriller; Crime; Mystery,4
5257,The Man in the Iron Mask,original,12;18;28,Adventure; Drama; Action,3
1837,The Great Gatsby,original,18;35;10749,Drama; Comedy; Romance,3
4529,In Her Name,original,18;53;80,Drama; Thriller; Crime,3
6063,Colors,original,18;28;53;80,Drama; Action; Thriller; Crime,4
9741,Incarnate,original,14;18;27;53,Fantasy; Drama; Horror; Thriller,4
1257,The Birds,original,27;28;53,Horror; Action; Thriller,3
7900,The Night Before,original,35,Comedy,1
4861,Nymphomaniac: Vol. II,original,18;10749,Drama; Romance,2
9380,Inside,original,18;28;53;80,Drama; Action; Thriller; Crime,4
145,Good Will Hunting,original,18;35,Drama; Comedy,2
2347,Pearl,original,18;10749,Drama; Romance,2
1047,Steins;Gate: The Movie - Load Region of Déjà Vu,original,12;16;18;28;878,Adventure; Animation; Drama; Action; Science Fiction,5
6199,Drag Me to Hell,original,18;27;53,Drama; Horror; Thriller,3
2878,The Dark Crystal,original,12;14;16;27;28;35;878,Adventure; Fantasy; Animation; Horror; Action; Comedy; Science Fiction,7
5053,Emily the Criminal,original,18;35;53;80,Drama; Comedy; Thriller; Crime,4
3147,I Hate Summer,original,18;35,Drama; Comedy,2
4581,The DUFF,original,16;35;10749;10751,Animation; Comedy; Romance; Family,4
5254,White God,original,12;14;18;35;10751,Adventure; Fantasy; Drama; Comedy; Family,5
503,Shoplifters,original,18,Drama,1
6101,Police Story 4: First Strike,original,18;28;35;53;80,Drama; Action; Comedy; Thriller; Crime,5
7290,Mean Machine,original,18;28;53;80,Drama; Action; Thriller; Crime,4
9036,Paranormal Activity 2,original,14;27;35,Fantasy; Horror; Comedy,3
1097,The Hobbit: The Desolation of Smaug,original,12;14;16;28;35;10751,Adventure; Fantasy; Animation; Action; Comedy; Family,6
7192,Ghosts of War,original,14;18;27;28;53;10752,Fantasy; Drama; Horror; Action; Thriller; War,6
826,Black Swan,original,18;35;10749,Drama; Comedy; Romance,3
1943,Red River,original,12;18;37,Adventure; Drama; Western,3
1783,My Sister's Keeper,original,18;35,Drama; Comedy,2
6847,Dark Skies,original,27;53;9648,Horror; Thriller; Mystery,3
5990,Mother's Day,original,18;27;53,Drama; Horror; Thriller,3
4698,First Love,original,18;28;53;80;10749,Drama; Action; Thriller; Crime; Romance,5
4319,The Ghost Writer,original,18;35;53;10749,Drama; Comedy; Thriller; Romance,4
1309,Almost Famous,original,18;35;10402;10749,Drama; Comedy; Music; Romance,4
6541,The Knight Before Christmas,original,12;14;18;35;10749,Adventure; Fantasy; Drama; Comedy; Romance,5
6728,Doc Hollywood,original,18;28;35;80,Drama; Action; Comedy; Crime,4
68,Given,original,18;35;10749,Drama; Comedy; Romance,3
6565,The Assassin,original,12;18;28;53,Adventure; Drama; Action; Thriller,4
3340,Lethal Weapon 2,original,12;18;28;53,Adventure; Drama; Action; Thriller,4
5380,Conspiracy Theory,original,28;35;53;9648,Action; Comedy; Thriller; Mystery,4
5732,The Chronicles of Riddick,original,12;28;878,Adventure; Action; Science Fiction,3
1738,Mad Max 2,original,12;18;28,Adventure; Drama; Action,3
9357,My Best Friend's Girl,original,18;35;10749,Drama; Comedy; Romance,3
93,Klaus,original,14;18;35;10751,Fantasy; Drama; Comedy; Family,4
7555,Murder by Numbers,original,18;28;53;80;9648,Drama; Action; Thriller; Crime; Mystery,5
4648,Oedipus Rex,original,12;18;28,Adventure; Drama; Action,3
5928,The Bookshop,original,18;35,Drama; Comedy,2
4387,200 Pounds Beauty,original,16;18;35;10749,Animation; Drama; Comedy; Romance,4
7601,Splinter,original,12;27;35;53;878;10751,Adventure; Horror; Comedy; Thriller; Science Fiction; Family,6
8944,Kicking & Screaming,original,18;35;10751,Drama; Comedy; Family,3
76,The Intouchables,original,18;35;10749,Drama; Comedy; Romance,3
2319,Betty Blue,original,18;35;10749,Drama; Comedy; Romance,3
7425,The Prince & Me,original,14;18;35;10749,Fantasy; Drama; Comedy; Romance,4
916,Laurence Anyways,original,18;35;10749,Drama; Comedy; Romance,3
9369,The Maiden Heist,original,28;35;53;80,Action; Comedy; Thriller; Crime,4
4345,An Unfinished Life,original,18;53,Drama; Thriller,2
7191,No Escape,original,12;18;28;53;80,Adventure; Drama; Action; Thriller; Crime,5
8369,The Marvels,original,12;16;28;35;878;10749;10751,Adventure; Animation; Action; Comedy; Science Fiction; Romance; Family,7
2010,Carrie,original,18;27;53,Drama; Horror; Thriller,3
7722,Happily Mixed Up,original,18;27;53,Drama; Horror; Thriller,3
194,The Hunt,original,18,Drama,1
7314,The Other Woman,original,18;35;10749,Drama; Comedy; Romance,3
6475,Flypaper,original,18;28;35;53;80;10749,Drama; Action; Comedy; Thriller; Crime; Romance,6
9513,Truth or Dare,original,18;27;35;53,Drama; Horror; Comedy; Thriller,4
7049,Your Place or Mine,original,16;35;10749;10751,Animation; Comedy; Romance; Family,4
6424,Don't Think Twice,original,18;35;53,Drama; Comedy; Thriller,3
4977,Troll Hunter,original,18;27;53;9648,Drama; Horror; Thriller; Mystery,4
998,Mortal Kombat Legends: Battle of the Realms,original,12;14;16;28;878,Adventure; Fantasy; Animation; Action; Science Fiction,5
6904,Beauty Shop,original,18;35;53,Drama; Comedy; Thriller,3
8099,Arcadian,original,12;27;28;53;878,Adventure; Horror; Action; Thriller; Science Fiction,5
5448,Silent Hill,original,18;27;53;9648,Drama; Horror; Thriller; Mystery,4
9327,Momentum,original,28;53;80;9648,Action; Thriller; Crime; Mystery,4
7114,The Dead Pool,original,18;35;53;80,Drama; Comedy; Thriller; Crime,4
3408,Mickey's Twice Upon a Christmas,original,12;14;16;35;10751,Adventure; Fantasy; Animation; Comedy; Family,5
5405,The Wizard of Lies,original,18;53;80,Drama; Thriller; Crime,3
2850,Tangled Ever After,original,12;14;16;35;10749;10751,Adventure; Fantasy; Animation; Comedy; Romance; Family,6
8088,Sanctum,original,12;18;10751,Adventure; Drama; Family,3
2705,Kiss Kiss Bang Bang,original,18;28;35;53;80,Drama; Action; Comedy; Thriller; Crime,5
6846,The Visit,original,18;27;35,Drama; Horror; Comedy,3
432,Divorce Italian Style,original,18;35;10749,Drama; Comedy; Romance,3
7851,F,original,18;28;53,Drama; Action; Thriller,3
4028,Rango,original,12;16;28;35;10751,Adventure; Animation; Action; Comedy; Family,5
1048,The Fault in Our Stars,original,18;878,Drama; Science Fiction,2
4923,RED,original,18;28;35;53;80,Drama; Action; Comedy; Thriller; Crime,5
1935,A Nightmare on Elm Street,original,18;27;53;9648,Drama; Horror; Thriller; Mystery,4
4569,Asterix in Britain,original,12;14;16;28;35;10751,Adventure; Fantasy; Animation; Action; Comedy; Family,6
195,New Gods: Nezha Reborn,original,12;14;16;18;28;35;878,Adventure; Fantasy; Animation; Drama; Action; Comedy; Science Fiction,7
4697,Superman II,original,12;16;28;878,Adventure; Animation; Action; Science Fiction,4
392,We Are the Nobles,original,18;35,Drama; Comedy,2
8213,Alvin and the Chipmunks: The Road Chip,original,18;35;10749,Drama; Comedy; Romance,3
6304,Wild Target,original,18;28;53;80,Drama; Action; Thriller; Crime,4
3110,What's Love Got to Do with It,original,18;35;10749,Drama; Comedy; Romance,3
4715,Road House,original,18;35;53;80,Drama; Comedy; Thriller; Crime,4
5549,Lionheart,original,18;28,Drama; Action,2
2066,Red Dog,original,12;16;18;10751,Adventure; Animation; Drama; Family,4
1716,Rushmore,original,18;35;10749,Drama; Comedy; Romance,3
537,The Shadow in My Eye,original,18;28;36;53;10752,Drama; Action; History; Thriller; War,5
7092,Legends of Oz: Dorothy's Return,original,12;14;16;10751,Adventure; Fantasy; Animation; Family,4
6211,The Uninvited,original,18;27;53;9648,Drama; Horror; Thriller; Mystery,4
4824,Bumblebee,original,12;16;35;10751,Adventure; Animation; Comedy; Family,4
2220,Riders of Justice,original,18;27;53;9648,Drama; Horror; Thriller; Mystery,4
2109,Sonic the Hedgehog,original,12;14;16;28;35;878;10751,Adventure; Fantasy; Animation; Action; Comedy; Science Fiction; Family,7
2137,The Fundamentals of Caring,original,18;35,Drama; Comedy,2
8471,Alexander,original,12;18;28;36;10752,Adventure; Drama; Action; History; War,5
8919,Neighbors 2: Sorority Rising,original,18;35,Drama; Comedy,2
7279,Accident Man,original,18;28;35;53;80,Drama; Action; Comedy; Thriller; Crime,5
2200,Land of Bad,original,28;35;53;878,Action; Comedy; Thriller; Science Fiction,4
954,The Longest Ride,original,18;10749,Drama; Romance,2
5846,Dragonslayer,original,12;14;28,Adventure; Fantasy; Action,3
2761,Confession of Murder,original,18;27;28;53;80;9648,Drama; Horror; Action; Thriller; Crime; Mystery,6
3169,Patriots Day,original,18;28;53,Drama; Action; Thriller,3
4930,Night Moves,original,18;35;53;80;9648,Drama; Comedy; Thriller; Crime; Mystery,5
7857,V/H/S/94,original,27;28;53;878;9648,Horror; Action; Thriller; Science Fiction; Mystery,5
459,Persepolis,original,18;36,Drama; History,2
3793,Nine to Five,original,18;35;80,Drama; Comedy; Crime,3
742,Slumdog Millionaire,original,18;35;80,Drama; Comedy; Crime,3
9458,Leatherface,original,18;27;53,Drama; Horror; Thriller,3
5743,Looking for Eric,original,18;35;10749,Drama; Comedy; Romance,3
50,American History X,original,18;28;53;80,Drama; Action; Thriller; Crime,4
2108,Stolen Kisses,original,18;35,Drama; Comedy,2
3005,Ariel,original,18;53,Drama; Thriller,2
2698,Monsieur Lazhar,original,18,Drama,1
6130,The Love Witch,original,14;35;10749,Fantasy; Comedy; Romance,3
2762,House of Sand and Fog,original,18;53;80,Drama; Thriller; Crime,3
8909,Analyze That,original,18;35;53;80,Drama; Comedy; Thriller; Crime,4
4555,Kill the Irishman,original,18;28;36;53;80,Drama; Action; History; Thriller; Crime,5
3314,My Neighbors the Yamadas,original,18;27,Drama; Horror,2
6867,Yara,original,18;27;53;80;9648,Drama; Horror; Thriller; Crime; Mystery,5
866,Scooby-Doo on Zombie Island,original,12;14;16;35;10751,Adventure; Fantasy; Animation; Comedy; Family,5
5897,Bubba Ho-tep,original,18;35,Drama; Comedy,2
3362,An Officer and a Gentleman,original,18;28;35,Drama; Action; Comedy,3
5462,Goya's Ghosts,original,18;28;53,Drama; Action; Thriller,3
3704,RocknRolla,original,35;53;80,Comedy; Thriller; Crime,3
2058,"Good Morning, Vietnam",original,18;35,Drama; Comedy,2
3919,Finestkind,original,18;28;35;53;80,Drama; Action; Comedy; Thriller; Crime,5
7768,Ad Astra,original,12;18;28;53;878,Adventure; Drama; Action; Thriller; Science Fiction,5
8004,No Filter,original,18;35;10749,Drama; Comedy; Romance,3
7957,Kill Your Friends,original,18;35;53;80;10402,Drama; Comedy; Thriller; Crime; Music,5
8023,My Life Without Me,original,18;27;53,Drama; Horror; Thriller,3
8173,Bee Movie,original,18;35;80;878,Drama; Comedy; Crime; Science Fiction,4
3737,Fly Away Home,original,18;27;35;10751,Drama; Horror; Comedy; Family,4
5273,Aline,original,18;10402,Drama; Music,2
2229,Jeremiah Johnson,original,12;14;18;28,Adventure; Fantasy; Drama; Action,4
4706,Tucker: The Man and His Dream,original,18;36,Drama; History,2
9060,We Are What We Are,original,18;27;28;53,Drama; Horror; Action; Thriller,4
2063,Duck Soup,original,12;18,Adventure; Drama,2
3257,Elephant,original,18;35,Drama; Comedy,2
9891,Behaving Badly,original,18;35;10749,Drama; Comedy; Romance,3
3808,Project Silence,original,18;27;53;878,Drama; Horror; Thriller; Science Fiction,4
6370,"My Donkey, My Lover & I",original,12;18;35;10751,Adventure; Drama; Comedy; Family,4
863,12 Angry Men,original,18;80,Drama; Crime,2
2830,After the Wedding,original,18;53,Drama; Thriller,2
6596,The Imaginarium of Doctor Parnassus,original,12;14;28;35,Adventure; Fantasy; Action; Comedy,4
7661,Ben 10: Alien Swarm,original,12;28;53;878,Adventure; Action; Thriller; Science Fiction,4
9043,Black Sheep,original,27;53;878,Horror; Thriller; Science Fiction,3
3112,The Thirteenth Floor,original,18;35;53,Drama; Comedy; Thriller,3
6154,Olaf's Frozen Adventure,original,12;14;16;35;10751,Adventure; Fantasy; Animation; Comedy; Family,5
1132,Gattaca,original,12;28;35;878,Adventure; Action; Comedy; Science Fiction,4
6679,New Kids Turbo,original,18;35;80,Drama; Comedy; Crime,3
6352,Operation Christmas Drop,original,18;28;35;53,Drama; Action; Comedy; Thriller,4
6897,Flushed Away,original,12;16;35;10751,Adventure; Animation; Comedy; Family,4
9302,Damaged,original,18;53;80;9648,Drama; Thriller; Crime; Mystery,4
4186,Moonstruck,original,18;35;10749,Drama; Comedy; Romance,3
9506,Deep Blue Sea 3,original,12;35;878;10751,Adventure; Comedy; Science Fiction; Family,4
1553,Scarface,original,18;28;53;80,Drama; Action; Thriller; Crime,4
8924,Young Adult,original,18;35;10749,Drama; Comedy; Romance,3
2655,Identity,original,27;53;9648,Horror; Thriller; Mystery,3
9460,Family Pack,original,12;14;16;27;28;35;10751,Adventure; Fantasy; Animation; Horror; Action; Comedy; Family,7
919,Vampire Hunter D: Bloodlust,original,12;27;28;35,Adventure; Horror; Action; Comedy,4
2957,A Writer's Odyssey,original,12;14;16;18;28,Adventure; Fantasy; Animation; Drama; Action,5
5598,Who You Think I Am,original,18;35;10749,Drama; Comedy; Romance,3
9215,Porky's II: The Next Day,original,18;27;35,Drama; Horror; Comedy,3
9951,Havoc,original,18;35;53;80,Drama; Comedy; Thriller; Crime,4
5870,Turbo Kid,original,12;18;28,Adventure; Drama; Action,3
2826,The Rock,original,18;28;53;80,Drama; Action; Thriller; Crime,4
4831,Dreamgirls,original,18;35;10402;10749,Drama; Comedy; Music; Romance,4
899,Onward,original,12;14;16;35;10751,Adventure; Fantasy; Animation; Comedy; Family,5
7350,Alice and the Mayor,original,18;35;10749,Drama; Comedy; Romance,3
5022,Yes Man,original,18;35,Drama; Comedy,2
8371,When in Rome,original,18;35;10749;10751,Drama; Comedy; Romance; Family,4
3153,SPY x FAMILY CODE: White,original,12;35;53,Adventure; Comedy; Thriller,3
6119,Bridget Jones: Mad About the Boy,original,18;35;10749,Drama; Comedy; Romance,3
6726,The Only Living Boy in New York,original,18;35;10749,Drama; Comedy; Romance,3
6890,Dead in a Week (Or Your Money Back),original,18;35;53,Drama; Comedy; Thriller,3
53,Princess Mononoke,original,12;14;16;18;28,Adventure; Fantasy; Animation; Drama; Action,5
4530,Perfect Addiction,original,18;28;53,Drama; Action; Thriller,3
7321,Megan Is Missing,original,18;53,Drama; Thriller,2
7738,Housesitter,original,18;35,Drama; Comedy,2
1058,The Wizard of Oz,original,12;14;16;18;10751,Adventure; Fantasy; Animation; Drama; Family,5
7960,Duplex,original,27;35;53,Horror; Comedy; Thriller,3
3944,The Hidden,original,18;53;80;9648,Drama; Thriller; Crime; Mystery,4
5543,Ender's Game,original,12;18;28;878,Adventure; Drama; Action; Science Fiction,4
4162,Denial,original,18;36,Drama; History,2
290,Citizen Kane,original,18;80,Drama; Crime,2
717,Gran Turismo,original,12;18;35;10751,Adventure; Drama; Comedy; Family,4
584,Spotlight,original,18;27;35;53,Drama; Horror; Comedy; Thriller,4
3508,This Must Be the Place,original,18;35;53;80,Drama; Comedy; Thriller; Crime,4
1103,Spies in Disguise,original,12;18;28;35;878,Adventure; Drama; Action; Comedy; Science Fiction,5
7365,The Night Clerk,original,18;27;35;53;80;9648,Drama; Horror; Comedy; Thriller; Crime; Mystery,6
7951,The SpongeBob Movie: Sponge Out of Water,original,12;14;16;28;35;10751,Adventure; Fantasy; Animation; Action; Comedy; Family,6
1112,"Girl, Interrupted",original,14;18;10749,Fantasy; Drama; Romance,3
8563,Curse of Chucky,original,14;16;18;27;53;9648,Fantasy; Animation; Drama; Horror; Thriller; Mystery,6
8522,Pyewacket,original,14;18;27;53;9648,Fantasy; Drama; Horror; Thriller; Mystery,5
4553,Anna and the King,original,18;36;10749,Drama; History; Romance,3
5111,The Spiderwick Chronicles,original,12;14;16;35;10751,Adventure; Fantasy; Animation; Comedy; Family,5
9159,Arthur and the Revenge of Maltazard,original,14;18;35,Fantasy; Drama; Comedy,3
8686,Line of Duty,original,18;35;53;80,Drama; Comedy; Thriller; Crime,4
542,Two Women,original,18;10749;10752,Drama; Romance; War,3
5531,Star Wars: Episode II - Attack of the Clones,original,12;18;28;53;878,Adventure; Drama; Action; Thriller; Science Fiction,5
5529,House of Gucci,original,18;35,Drama; Comedy,2
1683,Boys Don't Cry,original,18;10749,Drama; Romance,2
8472,"Farewell, My Queen",original,18;36;10749,Drama; History; Romance,3
4976,Time Freak,original,18;35;878;10749,Drama; Comedy; Science Fiction; Romance,4
5687,Fragile,original,14;18;27;53;9648,Fantasy; Drama; Horror; Thriller; Mystery,5
2550,The Animatrix,original,12;16;28;35;878,Adventure; Animation; Action; Comedy; Science Fiction,5
5810,Ramona and Beezus,original,14;16;18;35;10751,Fantasy; Animation; Drama; Comedy; Family,5
4386,The Women on the 6th Floor,original,18;35;10749,Drama; Comedy; Romance,3
7751,Big Trouble,original,18;35;80,Drama; Comedy; Crime,3
995,The Others,original,14;18;27,Fantasy; Drama; Horror,3
4023,Mike's New Car,original,35;10751,Comedy; Family,2
6574,Baba Yaga: Terror of the Dark Forest,original,14;18;27;35;9648;10751,Fantasy; Drama; Horror; Comedy; Mystery; Family,6
3210,Futurama: Into the Wild Green Yonder,original,12;14;28;35;878,Adventure; Fantasy; Action; Comedy; Science Fiction,5
402,Amélie,original,18;35;10749,Drama; Comedy; Romance,3
7862,The Zero Theorem,original,18;53;878,Drama; Thriller; Science Fiction,3
4335,The Dry,original,18;35,Drama; Comedy,2
9059,A Christmas Horror Story,original,35;10751,Comedy; Family,2
7776,Cocktail,original,18;35;80,Drama; Comedy; Crime,3
1341,Boyhood,original,18;35;10749,Drama; Comedy; Romance,3
6666,Octopussy,original,12;28;53;80;9648,Adventure; Action; Thriller; Crime; Mystery,5
2993,Welcome to the Dollhouse,original,18;35,Drama; Comedy,2
6943,Mighty Joe Young,original,18;27;53,Drama; Horror; Thriller,3
3669,Insomnia,original,27;53;80;9648,Horror; Thriller; Crime; Mystery,4
1993,The Magnificent Ambersons,original,14;18;35;10749,Fantasy; Drama; Comedy; Romance,4
7315,Knight and Day,original,18;53;80,Drama; Thriller; Crime,3
3411,The High Note,original,18;35;10402;10749,Drama; Comedy; Music; Romance,4
9198,Red Planet,original,12;28;35;53;878,Adventure; Action; Comedy; Thriller; Science Fiction,5
4056,Hellraiser,original,12;14;18;35;10751,Adventure; Fantasy; Drama; Comedy; Family,5
286,Robot Dreams,original,16;18;35;878;10749;10751,Animation; Drama; Comedy; Science Fiction; Romance; Family,6
5815,RED 2,original,18;28;53;878,Drama; Action; Thriller; Science Fiction,4
8807,Sgt. Bilko,original,18;28;35;10752,Drama; Action; Comedy; War,4
6362,Drop,original,18;27;35;10749,Drama; Horror; Comedy; Romance,4
2517,Maria Full of Grace,original,18;35;80,Drama; Comedy; Crime,3
7212,Sky High,original,12;14;18;28;878,Adventure; Fantasy; Drama; Action; Science Fiction,5
3346,After We Fell,original,18;53;10749,Drama; Thriller; Romance,3
1720,Once Were Warriors,original,18,Drama,1
714,Notorious,original,18;28;53;80,Drama; Action; Thriller; Crime,4
1554,Erin Brockovich,original,18;35;53,Drama; Comedy; Thriller,3
8887,Fading Gigolo,original,18;35,Drama; Comedy,2
9701,Forces of Nature,original,12;35,Adventure; Comedy,2
178,Portrait of a Lady on Fire,original,18;10749,Drama; Romance,2
304,Sound of Freedom,original,18;53,Drama; Thriller,2
3262,Apollo 10½: A Space Age Childhood,original,14;18,Fantasy; Drama,2
4420,Black or White,original,18,Drama,1
2071,Dog,original,18;35,Drama; Comedy,2
7008,Cannibal Holocaust,original,12;18;878,Adventure; Drama; Science Fiction,3
5176,House of Usher,original,27;53,Horror; Thriller,2
5834,The Ref,original,27;35;53,Horror; Comedy; Thriller,3
7352,Zambezia,original,12;16;18;10751,Adventure; Animation; Drama; Family,4
9847,Slumber,original,14;27;53,Fantasy; Horror; Thriller,3
2049,Deliverance,original,18;53,Drama; Thriller,2
3354,C'est la vie!,original,35;10749,Comedy; Romance,2
1715,Hour of the Wolf,original,18;35;53;10749,Drama; Comedy; Thriller; Romance,4
6888,Bad Taste,original,12;28;35;53;878,Adventure; Action; Comedy; Thriller; Science Fiction,5
9031,Big Momma's House 2,original,28;35;10751,Action; Comedy; Family,3
5442,Brewster's Millions,original,18;35;53,Drama; Comedy; Thriller,3
5007,The Return,original,18;27,Drama; Horror,2
1430,Fist of Legend,original,18;28;53,Drama; Action; Thriller,3
2489,Little Manhattan,original,18;35,Drama; Comedy,2
2545,Time to Hunt,original,18;28;35;53;80,Drama; Action; Comedy; Thriller; Crime,5
4713,Germinal,original,18;36;53;80,Drama; History; Thriller; Crime,4
1146,Inside Out 2,original,18;27;35;53;9648,Drama; Horror; Comedy; Thriller; Mystery,5
8853,Replicant,original,27;28;53;80;878,Horror; Action; Thriller; Crime; Science Fiction,5
6468,Baggio: The Divine Ponytail,original,18;35,Drama; Comedy,2
3347,One Night in Miami...,original,18;28;36,Drama; Action; History,3
1334,Band of Outsiders,original,18;35,Drama; Comedy,2
9438,Diana,original,18;10749,Drama; Romance,2
967,The Turin Horse,original,18,Drama,1
8297,Anon,original,18;27;53;80;9648,Drama; Horror; Thriller; Crime; Mystery,5
5244,Contagion,original,27;28;53;878,Horror; Action; Thriller; Science Fiction,4
4592,Teen Beach 2,original,18;35;10751,Drama; Comedy; Family,3
8526,Thanks for Sharing,original,18;35;10749,Drama; Comedy; Romance,3
9994,Hollywood Homicide,original,18;28;35;53;80,Drama; Action; Comedy; Thriller; Crime,5
496,Perfect Strangers,original,18;35,Drama; Comedy,2
971,Sniper: The White Raven,original,18;28;53;10752,Drama; Action; Thriller; War,4
7663,That Awkward Moment,original,18;35;10749,Drama; Comedy; Romance,3
9161,Urban Legend,original,18;27;53;80;9648,Drama; Horror; Thriller; Crime; Mystery,5
3785,Streets of Fire,original,35;10749,Comedy; Romance,2
9172,The Midnight Sky,original,12;18;53;878,Adventure; Drama; Thriller; Science Fiction,4
4882,Boiler Room,original,18;35,Drama; Comedy,2
7824,Trouble at Timpetill,original,18;27,Drama; Horror,2
2979,Lamp Life,original,16;18;35;10751,Animation; Drama; Comedy; Family,4
8429,The Oxford Murders,original,18;27;53;80;9648,Drama; Horror; Thriller; Crime; Mystery,5
1654,They Call Me Jeeg,original,12;28;35,Adventure; Action; Comedy,3
7583,Never Been Kissed,original,18;35;80;10749,Drama; Comedy; Crime; Romance,4
5921,The Invisible Guardian,original,14;18;27;53;9648,Fantasy; Drama; Horror; Thriller; Mystery,5
8963,Robinson Crusoe,original,12;14;16;35;10751,Adventure; Fantasy; Animation; Comedy; Family,5
382,"Batman: The Dark Knight Returns, Part 2",original,16;28;878,Animation; Action; Science Fiction,3
1746,Law Abiding Citizen,original,18;28;53;80,Drama; Action; Thriller; Crime,4
7134,Ant-Man and the Wasp: Quantumania,original,12;28;35;878,Adventure; Action; Comedy; Science Fiction,4
1215,The Second Tragic Fantozzi,original,18;35;10751,Drama; Comedy; Family,3
7345,Jigsaw,original,27;28;53;80;878;9648,Horror; Action; Thriller; Crime; Science Fiction; Mystery,6
2859,Matthias & Maxime,original,18;35;10749,Drama; Comedy; Romance,3
2502,The Ten Commandments: The Movie,original,12;18;36,Adventure; Drama; History,3
1396,Birdman of Alcatraz,original,18;53;80,Drama; Thriller; Crime,3
1465,The Croods: A New Age,original,12;27;35;10751,Adventure; Horror; Comedy; Family,4
5305,Valerian and the City of a Thousand Planets,original,12;18;28;878,Adventure; Drama; Action; Science Fiction,4
4897,Just Go with It,original,18;35;53;10749,Drama; Comedy; Thriller; Romance,4
1598,Trinity Is Still My Name,original,28;35;80,Action; Comedy; Crime,3
4615,Primer,original,18;878,Drama; Science Fiction,2
9232,The Art of War,original,18;28;53;80,Drama; Action; Thriller; Crime,4
5315,Mr. Morgan's Last Love,original,18;35;10749,Drama; Comedy; Romance,3
1609,American Me,original,18;28;53;80,Drama; Action; Thriller; Crime,4
6534,Creep,original,18;35;53,Drama; Comedy; Thriller,3
3561,The White Tiger,original,12;18;28;35,Adventure; Drama; Action; Comedy,4
3143,The Matrix Reloaded,original,12;28;53;878,Adventure; Action; Thriller; Science Fiction,4
1986,Just Another Christmas,original,35,Comedy,1
8285,Flight of the Phoenix,original,12;18;28;35,Adventure; Drama; Action; Comedy,4
8843,The Big Wedding,original,35;10749,Comedy; Romance,2
1234,The Girl with the Dragon Tattoo,original,18;53;9648,Drama; Thriller; Mystery,3
4540,Battlestar Galactica: The Plan,original,28;53;878,Action; Thriller; Science Fiction,3
5519,The Lord of the Rings,original,12;16;28;878,Adventure; Animation; Action; Science Fiction,4
3791,Tracks,original,12;18;35;10749;10751,Adventure; Drama; Comedy; Romance; Family,5
1189,Let the Right One In,original,18;35;10749,Drama; Comedy; Romance,3
9436,Max Steel,original,12;16;28;35;878;10751,Adventure; Animation; Action; Comedy; Science Fiction; Family,6
4641,Jersey Boys,original,18;35;10402;10749,Drama; Comedy; Music; Romance,4
4769,The Fog,original,14;27;53;9648,Fantasy; Horror; Thriller; Mystery,4
5031,Meet the Parents,original,35;10749,Comedy; Romance,2
7593,Jumper,original,12;18;35;878,Adventure; Drama; Comedy; Science Fiction,4
7709,The Amityville Horror,original,18;35;10749,Drama; Comedy; Romance,3
8969,Fantastic Four,original,12;14;28;35;878,Adventure; Fantasy; Action; Comedy; Science Fiction,5
6047,The Last Days of American Crime,original,18;28;53;878,Drama; Action; Thriller; Science Fiction,4
7284,Bridget Jones: The Edge of Reason,original,18;35;53;80;10749,Drama; Comedy; Thriller; Crime; Romance,5
8021,Sleepover,original,35;10749;10751,Comedy; Romance; Family,3
7868,Village of the Damned,original,18;27,Drama; Horror,2
6837,Bend It Like Beckham,original,18;35;10749,Drama; Comedy; Romance,3
2632,Invictus,original,18;35;36,Drama; Comedy; History,3
1775,Burning,original,18;35;10749;10751,Drama; Comedy; Romance; Family,4
6545,Wonder Wheel,original,18;35;10751,Drama; Comedy; Family,3
8751,The Spy Next Door,original,18;35;53;80,Drama; Comedy; Thriller; Crime,4
5118,Back to Black,original,18;35;10402;10749,Drama; Comedy; Music; Romance,4
1843,The Big Short,original,18;28;35;36,Drama; Action; Comedy; History,4
4243,The Man Who Invented Christmas,original,14;18;35;10751,Fantasy; Drama; Comedy; Family,4
7744,Once Upon a Time in Bethlehem,original,12;14;27;28;35;878,Adventure; Fantasy; Horror; Action; Comedy; Science Fiction,6
9752,Poison Ivy,original,18;35;10749,Drama; Comedy; Romance,3
2286,Star Wars: The Force Awakens,original,12;16;28;878,Adventure; Animation; Action; Science Fiction,4
7217,"Marry Me, Dude",original,18;35;10749,Drama; Comedy; Romance,3
2203,Heathers,original,18;35,Drama; Comedy,2
8900,Big Momma's House,original,28;35;80,Action; Comedy; Crime,3
6554,The Awakening,original,18;27;53;9648,Drama; Horror; Thriller; Mystery,4
2003,The Sea Beast,original,12;14;16;28;35;878;10751,Adventure; Fantasy; Animation; Action; Comedy; Science Fiction; Family,7
1265,Tell It to the Bees,original,18;35;10751,Drama; Comedy; Family,3
3555,The Amateur,original,18;28;53;80,Drama; Action; Thriller; Crime,4
2763,Peter Pan,original,12;14;16;35;10751,Adventure; Fantasy; Animation; Comedy; Family,5
755,The Sound of Music,original,18;35;10752,Drama; Comedy; War,3
8019,French Twist,original,18;35;10749,Drama; Comedy; Romance,3
5983,Kinds of Kindness,original,14;18;35,Fantasy; Drama; Comedy,3
6710,The Good Shepherd,original,18,Drama,1
5045,Geek Charming,original,35;10749,Comedy; Romance,2
8534,The Specialist,original,28;35;53;80,Action; Comedy; Thriller; Crime,4
3843,Crazy Heart,original,18;35;10402;10749,Drama; Comedy; Music; Romance,4
6830,The Bar,original,18;27;53;80;9648,Drama; Horror; Thriller; Crime; Mystery,5
6072,The Manchurian Candidate,original,18;28;35;53,Drama; Action; Comedy; Thriller,4
9814,Downsizing,original,18;35;10749,Drama; Comedy; Romance,3
7982,Justice League,original,12;14;16;28;35;878;10751,Adventure; Fantasy; Animation; Action; Comedy; Science Fiction; Family,7
3996,Saboteur,original,18;28;53;80,Drama; Action; Thriller; Crime,4
651,Dune,original,12;18;28;53;878,Adventure; Drama; Action; Thriller; Science Fiction,5
555,A Fistful of Dollars,original,18;28;53;80,Drama; Action; Thriller; Crime,4
2284,The Hurt Locker,original,18;28;35;10752,Drama; Action; Comedy; War,4
3708,The Angels' Share,original,18;35,Drama; Comedy,2
6832,The Immigrant,original,18;35;10749,Drama; Comedy; Romance,3
40,Se7en,original,27;53;80;9648,Horror; Thriller; Crime; Mystery,4
1083,Brother,original,18;28;53;80,Drama; Action; Thriller; Crime,4
3234,Red One,original,12;14;16;27;28;35;53;10751,Adventure; Fantasy; Animation; Horror; Action; Comedy; Thriller; Family,8
8155,Despite Everything,original,18;35;10749,Drama; Comedy; Romance,3
92,Avengers: Infinity War,original,12;14;16;28;878,Adventure; Fantasy; Animation; Action; Science Fiction,5
1154,We Need to Talk About Kevin,original,18;27,Drama; Horror,2
5901,Revenge,original,18;35;10749,Drama; Comedy; Romance,3
521,Dances with Wolves,original,18;53,Drama; Thriller,2
7454,Elizabethtown,original,18;35;53,Drama; Comedy; Thriller,3
2694,Boyka: Undisputed IV,original,28;80,Action; Crime,2
8724,Beverly Hills Cop III,original,12;28;35;53;80;9648,Adventure; Action; Comedy; Thriller; Crime; Mystery,6
7149,Killer Elite,original,12;28;53;80,Adventure; Action; Thriller; Crime,4
6778,I Want You Back,original,18;35;10749;10751,Drama; Comedy; Romance; Family,4
414,Army of Shadows,original,18;28;53;10752,Drama; Action; Thriller; War,4
7587,Bright,original,28;35;53,Action; Comedy; Thriller,3
3261,The Lake House,original,18;35;9648;10749,Drama; Comedy; Mystery; Romance,4
7476,The Big White,original,28;35;53;80;9648,Action; Comedy; Thriller; Crime; Mystery,5
2780,Stargate: The Ark of Truth,original,12;16;28;878,Adventure; Animation; Action; Science Fiction,4
2331,Team Thor,original,12;18;28;36;878;10752,Adventure; Drama; Action; History; Science Fiction; War,6
3596,Addams Family Values,original,35;10751,Comedy; Family,2
9724,Serenity,original,18;35;10749,Drama; Comedy; Romance,3
6912,The Fury,original,12;28;53,Adventure; Action; Thriller,3
6482,"Hello, My Name Is Doris",original,18;35;10749,Drama; Comedy; Romance,3
1105,Ferris Bueller's Day Off,original,18;35;10749;10751,Drama; Comedy; Romance; Family,4
5399,Side Effects,original,18;53,Drama; Thriller,2
4460,2048: Nowhere to Run,original,18;28;35;878,Drama; Action; Comedy; Science Fiction,4
6071,School Ties,original,18;35,Drama; Comedy,2
5999,Borgman,original,18;27;35,Drama; Horror; Comedy,3
4712,What If,original,18;35;10749,Drama; Comedy; Romance,3
1640,The Muppet Christmas Carol,original,14;18;35;10751,Fantasy; Drama; Comedy; Family,4
709,The Color Purple,original,18;35;10749,Drama; Comedy; Romance,3
7223,Parkland,original,18,Drama,1
6026,A Guide to Recognizing Your Saints,original,18,Drama,1
9249,Office Christmas Party,original,18;35,Drama; Comedy,2
3899,36th Precinct,original,18;28;35;53;80,Drama; Action; Comedy; Thriller; Crime,5
1056,Beasts of No Nation,original,12;18;10752,Adventure; Drama; War,3
2852,Suspicion,original,18;35;53;80;10749,Drama; Comedy; Thriller; Crime; Romance,5
5621,Star Wars: Episode I - The Phantom Menace,original,12;16;28;878,Adventure; Animation; Action; Science Fiction,4
946,Boogie Nights,original,18;35;10749,Drama; Comedy; Romance,3
689,The Untouchables,original,18;28;35;80,Drama; Action; Comedy; Crime,4
6974,Single White Female,original,18;35;10749,Drama; Comedy; Romance,3
1686,The Omen,original,12;14;27;9648,Adventure; Fantasy; Horror; Mystery,4
4271,The Red Sea Diving Resort,original,12;18;28;36;53;10752,Adventure; Drama; Action; History; Thriller; War,6
9555,The Platform 2,original,28;53;80;878,Action; Thriller; Crime; Science Fiction,4
5844,Young Guns II,original,18;28;80,Drama; Action; Crime,3
9511,Horizon Line,original,18;35;10749,Drama; Comedy; Romance,3
1034,Sin Nombre,original,18;28,Drama; Action,2
6309,Halloween Kills,original,12;27;28;53,Adventure; Horror; Action; Thriller,4
7233,Rock Dog,original,16;18;35;10402;10751,Animation; Drama; Comedy; Music; Family,5
3638,Tsotsi,original,18;28;53;80,Drama; Action; Thriller; Crime,4
900,Cat on a Hot Tin Roof,original,18;35;10749,Drama; Comedy; Romance,3
9763,King Solomon's Mines,original,12;18;28,Adventure; Drama; Action,3
2635,Sweeney Todd: The Demon Barber of Fleet Street,original,18;35;10749,Drama; Comedy; Romance,3
1948,Christiane F.,original,18;35;10402,Drama; Comedy; Music,3
132,Bicycle Thieves,original,18;28;35;53;80,Drama; Action; Comedy; Thriller; Crime,5
5596,No Man of God,original,18;53;80,Drama; Thriller; Crime,3
1819,Waves,original,18;53,Drama; Thriller,2
4439,The Swan,original,18;35,Drama; Comedy,2
349,Mirror,original,18;36;10752,Drama; History; War,3
1163,The Snowman,original,14;16;18;35;10751,Fantasy; Animation; Drama; Comedy; Family,5
2929,Punch-Drunk Love,original,18;35;53;80;10749,Drama; Comedy; Thriller; Crime; Romance,5
9539,King of Thieves,original,12;18;53;80,Adventure; Drama; Thriller; Crime,4
341,All Your Faces,original,18;53;80,Drama; Thriller; Crime,3
4040,No Way Out,original,18;28;53;9648;10749,Drama; Action; Thriller; Mystery; Romance,5
2580,Barbara,original,18,Drama,1
6187,The Great Outdoors,original,18;35;10749,Drama; Comedy; Romance,3
776,Rurouni Kenshin Part III: The Legend Ends,original,12;16;18;28;10751,Adventure; Animation; Drama; Action; Family,5
2406,Crazy About Her,original,18;35;10749,Drama; Comedy; Romance,3
4254,Outlaw King,original,12;18;28;36,Adventure; Drama; Action; History,4
5105,A Good Year,original,18;35;53,Drama; Comedy; Thriller,3
6701,The Taking of Pelham 1 2 3,original,12;28;35;53;80,Adventure; Action; Comedy; Thriller; Crime,5
8319,Poltergeist II: The Other Side,original,12;14;27;10751,Adventure; Fantasy; Horror; Family,4
6647,The Man Who Knew Too Little,original,18;35;53;80,Drama; Comedy; Thriller; Crime,4
9463,The Sweetest Thing,original,18;35;10749,Drama; Comedy; Romance,3
5469,Angel Has Fallen,original,18;28;53;80,Drama; Action; Thriller; Crime,4
7305,Kidnap,original,12;18;28;53,Adventure; Drama; Action; Thriller,4
4563,High Tension,original,16;35;10749,Animation; Comedy; Romance,3
7657,Cujo,original,18;27;53,Drama; Horror; Thriller,3
8270,Guess Who,original,18;35;10749,Drama; Comedy; Romance,3
5602,Welcome to the Rileys,original,18;35,Drama; Comedy,2
2400,The Lego Batman Movie,original,12;16;28;35;80,Adventure; Animation; Action; Comedy; Crime,5
1004,The Philadelphia Story,original,18;35;53;10749,Drama; Comedy; Thriller; Romance,4
3083,Superman: Man of Tomorrow,original,12;28;878,Adventure; Action; Science Fiction,3
30,The Lord of the Rings: The Two Towers,original,12;14;16;28;35,Adventure; Fantasy; Animation; Action; Comedy,5
1263,The Conversation,original,18;28;53;80;9648,Drama; Action; Thriller; Crime; Mystery,5
3810,Fear of Rain,original,18;27;53;9648,Drama; Horror; Thriller; Mystery,4
8803,Mighty Morphin Power Rangers: The Movie,original,12;14;16;28;35;878;10751,Adventure; Fantasy; Animation; Action; Comedy; Science Fiction; Family,7
583,Demon Slayer: Kimetsu no Yaiba Infinity Castle,original,12;14;16;27;28,Adventure; Fantasy; Animation; Horror; Action,5
6256,The Girl on the Train,original,18;35;53;9648;10749,Drama; Comedy; Thriller; Mystery; Romance,5
5639,Ocean's Twelve,original,18;28;35;80,Drama; Action; Comedy; Crime,4
7245,Like Father,original,18;35;10749,Drama; Comedy; Romance,3
5319,Cypher,original,28;35;53;80,Action; Comedy; Thriller; Crime,4
5952,Love at First Fight,original,18;10749,Drama; Romance,2
6771,Yummy,original,27;35;53;878,Horror; Comedy; Thriller; Science Fiction,4
2704,After We Collided,original,18;10749,Drama; Romance,2
4232,The Taste of Others,original,18;35,Drama; Comedy,2
8102,Starry Eyes,original,12;28;35;878,Adventure; Action; Comedy; Science Fiction,4
1271,E.T. the Extra-Terrestrial,original,12;28;35;53;878;10751,Adventure; Action; Comedy; Thriller; Science Fiction; Family,6
1771,The Fighter,original,18;28;35,Drama; Action; Comedy,3
4190,Iron Man 2,original,12;18;28;35;878,Adventure; Drama; Action; Comedy; Science Fiction,5
9336,Babe: Pig in the City,original,16;18;35;10749;10751,Animation; Drama; Comedy; Romance; Family,5
278,Scooby-Doo! and Kiss: Rock and Roll Mystery,original,12;14;16;28;35;878;10751,Adventure; Fantasy; Animation; Action; Comedy; Science Fiction; Family,7
6246,Pontypool,original,16;27;35;10751,Animation; Horror; Comedy; Family,4
606,Die Hard,original,28;35;53;80,Action; Comedy; Thriller; Crime,4
638,Freaks,original,18;35;10749,Drama; Comedy; Romance,3
2320,"Lust, Caution",original,18;28;35;53;80,Drama; Action; Comedy; Thriller; Crime,5
1711,Happy as Lazzaro,original,18;35,Drama; Comedy,2
7726,Pacific Rim: Uprising,original,12;18;28;53;878,Adventure; Drama; Action; Thriller; Science Fiction,5
5162,Tron,original,28;35;53;878,Action; Comedy; Thriller; Science Fiction,4
8223,The Last Summer,original,18;35;10749,Drama; Comedy; Romance,3
507,Scooby-Doo! Camp Scare,original,16;27;35;10751,Animation; Horror; Comedy; Family,4
6279,Outland,original,18;35;53;80,Drama; Comedy; Thriller; Crime,4
9998,Repossessed,original,14;27,Fantasy; Horror,2
2817,Dragon Ball Z: Bojack Unbound,original,12;14;28;35;80,Adventure; Fantasy; Action; Comedy; Crime,5
7110,#realityhigh,original,18;35;10749,Drama; Comedy; Romance,3
7215,Clean,original,18;35;80,Drama; Comedy; Crime,3
8956,Brick,original,27;53;878,Horror; Thriller; Science Fiction,3
1225,Father There Is Only One 2,original,18;35,Drama; Comedy,2
2844,Bad Boys for Life,original,18;28;35;53;80,Drama; Action; Comedy; Thriller; Crime,5
7171,Unsane,original,18;27;53;9648,Drama; Horror; Thriller; Mystery,4
9108,The Ward,original,27;53;9648,Horror; Thriller; Mystery,3
353,Tel chi el telùn,original,18;35,Drama; Comedy,2
5141,Overboard,original,18;28;35;53;80,Drama; Action; Comedy; Thriller; Crime,5
4401,The Family Man,original,18;35;10749,Drama; Comedy; Romance,3
8003,Infinity Pool,original,18;28;53;80,Drama; Action; Thriller; Crime,4
7218,The Expendables,original,12;28;35;53;80,Adventure; Action; Comedy; Thriller; Crime,5
1513,Dunkirk,original,18;36;10752,Drama; History; War,3
4096,The Jacket,original,18;878;10752,Drama; Science Fiction; War,3
9377,Darkness,original,18;27;53,Drama; Horror; Thriller,3
5039,Planet Terror,original,18;27;35,Drama; Horror; Comedy,3
10,Parasite,original,18;35,Drama; Comedy,2
9857,Wrecked,original,18;28;53;80,Drama; Action; Thriller; Crime,4
7319,The Incredible Hulk,original,12;18;28;878,Adventure; Drama; Action; Science Fiction,4
1604,Bullet Train,original,12;16;28;35;878,Adventure; Animation; Action; Comedy; Science Fiction,5
2652,Compagni di scuola,original,18;35,Drama; Comedy,2
7969,Erased,original,18;28;35;53;80,Drama; Action; Comedy; Thriller; Crime,5
4844,Nosferatu,original,14;18;27;53;9648,Fantasy; Drama; Horror; Thriller; Mystery,5
9453,Inconceivable,original,18;27;53,Drama; Horror; Thriller,3
4308,World War Z,original,18;27;28;53;878,Drama; Horror; Action; Thriller; Science Fiction,5
4367,Danger Close: The Battle of Long Tan,original,18;28;36;10752,Drama; Action; History; War,4
4104,Barbie: A Fairy Secret,original,14;16;35;10751,Fantasy; Animation; Comedy; Family,4
5831,The Amazing Spider-Man 2,original,14;16;28;35;10751,Fantasy; Animation; Action; Comedy; Family,5
8014,Spoiled Brats,original,18;35;10751,Drama; Comedy; Family,3
7036,Insidious: Chapter 3,original,18;27;53;9648,Drama; Horror; Thriller; Mystery,4
6669,The Blair Witch Project,original,18;27;9648,Drama; Horror; Mystery,3
1478,Lifted,original,27;35;878,Horror; Comedy; Science Fiction,3
7325,Monster-in-Law,original,18;35;10749,Drama; Comedy; Romance,3
7483,Hummingbird,original,18;28;53;80,Drama; Action; Thriller; Crime,4
5542,Get the Gringo,original,18;28;53;80,Drama; Action; Thriller; Crime,4
4516,Chappie,original,12;14;16;18;35;878;10751,Adventure; Fantasy; Animation; Drama; Comedy; Science Fiction; Family,7
440,Miracle in Cell No. 7,original,18;53;80,Drama; Thriller; Crime,3
6612,Curly Sue,original,18;35;80;10749,Drama; Comedy; Crime; Romance,4
8885,Drillbit Taylor,original,18;28;35;53;80,Drama; Action; Comedy; Thriller; Crime,5
1335,Emergency Declaration,original,18;27;28;53,Drama; Horror; Action; Thriller,4
7269,Red Heat,original,18;28;53;80,Drama; Action; Thriller; Crime,4
2238,Trolls Band Together,original,12;18;35;10402,Adventure; Drama; Comedy; Music,4
1158,Pandora,original,18;53;878,Drama; Thriller; Science Fiction,3
2104,Kiss and Cry,original,18;10749,Drama; Romance,2
5863,Rio 2,original,12;14;16;35;10751,Adventure; Fantasy; Animation; Comedy; Family,5
4764,Altered States,original,18;878,Drama; Science Fiction,2
9468,Iron Eagle,original,18;28;35;53,Drama; Action; Comedy; Thriller,4
4952,Hillbilly Elegy,original,18;35;10749,Drama; Comedy; Romance,3
9004,Josie and the Pussycats,original,18;35;10402;10749,Drama; Comedy; Music; Romance,4
1976,Glengarry Glen Ross,original,35;80,Comedy; Crime,2
5068,Parenthood,original,18,Drama,1
5629,The Brothers Bloom,original,12;35,Adventure; Comedy,2
6355,The Second Best Exotic Marigold Hotel,original,18;35,Drama; Comedy,2
1066,Tombstone,original,12;18;28;35,Adventure; Drama; Action; Comedy,4
928,Mickey's Christmas Carol,original,14;16;18;35;10749;10751,Fantasy; Animation; Drama; Comedy; Romance; Family,6
2189,Nosferatu the Vampyre,original,14;18;27;53,Fantasy; Drama; Horror; Thriller,4
3026,Batman: Death in the Family,original,18;28,Drama; Action,2
7938,Queen of the Damned,original,12;14;16;28;878,Adventure; Fantasy; Animation; Action; Science Fiction,5
5436,"Me, Myself & Irene",original,18;35;80;10749,Drama; Comedy; Crime; Romance,4
3215,Caché,original,18;35,Drama; Comedy,2
8379,Friends with Kids,original,18;35;10749,Drama; Comedy; Romance,3
455,My Hero Academia: Two Heroes,original,12;16;28;35;878,Adventure; Animation; Action; Comedy; Science Fiction,5
8199,Leaves of Grass,original,18;35,Drama; Comedy,2
7507,Blood Father,original,18;28;35;53;80,Drama; Action; Comedy; Thriller; Crime,5
7647,The Weather Man,original,18;35;10749,Drama; Comedy; Romance,3
2317,The Past,original,18;10749,Drama; Romance,2
6662,Talladega Nights: The Ballad of Ricky Bobby,original,18;28;35,Drama; Action; Comedy,3
1645,Women on the Verge of a Nervous Breakdown,original,35;53,Comedy; Thriller,2
4317,To All the Boys: P.S. I Still Love You,original,18;35;10749,Drama; Comedy; Romance,3
2774,Descendants,original,12;14;16;35;10751,Adventure; Fantasy; Animation; Comedy; Family,5
6250,Luther,original,18;36,Drama; History,2
3387,Stargate,original,12;14;16;28;878,Adventure; Fantasy; Animation; Action; Science Fiction,5
3710,24 Hour Party People,original,18;35,Drama; Comedy,2
6835,Heist,original,18;28;35;53;80,Drama; Action; Comedy; Thriller; Crime,5
3696,Silkwood,original,18;27;53;80;878,Drama; Horror; Thriller; Crime; Science Fiction,5
8622,Little Man,original,35;80,Comedy; Crime,2
4822,Terrified,original,18;27;35;53;80;9648,Drama; Horror; Comedy; Thriller; Crime; Mystery,6
1832,Scooby-Doo and the Ghoul School,original,16;35;10751,Animation; Comedy; Family,3
7530,Throw Momma from the Train,original,18;53,Drama; Thriller,2
7327,Force 10 from Navarone,original,12;18;28;36;53;10752,Adventure; Drama; Action; History; Thriller; War,6
9367,Time Cut,original,28;53;878,Action; Thriller; Science Fiction,3
6840,Windtalkers,original,18;28;53,Drama; Action; Thriller,3
7734,Ip Man: The Final Fight,original,12;28;878,Adventure; Action; Science Fiction,3
2313,Z-O-M-B-I-E-S,original,18;35;10749,Drama; Comedy; Romance,3
684,Life of Brian,original,18;35,Drama; Comedy,2
169,Red Beard,original,18;35,Drama; Comedy,2
1443,Free Guy,original,12;18;28;35;53,Adventure; Drama; Action; Comedy; Thriller,5
5612,The Son of Bigfoot,original,12;14;16;27;35;878;10751,Adventure; Fantasy; Animation; Horror; Comedy; Science Fiction; Family,7
3381,Martin Eden,original,18;36;10749,Drama; History; Romance,3
6677,Roald Dahl's The Witches,original,14;18;27;35;10751,Fantasy; Drama; Horror; Comedy; Family,5
6123,Fantozzi Still Suffers,original,35;10751,Comedy; Family,2
3317,Brain on Fire,original,18;27;53;9648,Drama; Horror; Thriller; Mystery,4
4636,Frankie and Johnny,original,18;35;80;10749,Drama; Comedy; Crime; Romance,4
923,Time of the Gypsies,original,18;28;53,Drama; Action; Thriller,3
5063,The Words,original,18;35;10749,Drama; Comedy; Romance,3
3713,The Three Musketeers: D'Artagnan,original,12;14;18;28;35;10749,Adventure; Fantasy; Drama; Action; Comedy; Romance,6
7235,The Astronaut Farmer,original,18;28;35,Drama; Action; Comedy,3
2570,Utøya: July 22,original,18;27;53,Drama; Horror; Thriller,3
8696,The Jungle Book 2,original,12;16;35;10751,Adventure; Animation; Comedy; Family,4
3942,Locke,original,18;53,Drama; Thriller,2
5856,Beverly Hills Cop II,original,28;35;53;80,Action; Comedy; Thriller; Crime,4
2986,Starred Up,original,18;28;53;80,Drama; Action; Thriller; Crime,4
1224,Anonymously Yours,original,18;35;10749,Drama; Comedy; Romance,3
8447,Beyond Re-Animator,original,18;28;53;878,Drama; Action; Thriller; Science Fiction,4
2611,Toy Story of Terror!,original,12;16;27;35;10751,Adventure; Animation; Horror; Comedy; Family,5
4338,City of Angels,original,14;18;35;10749,Fantasy; Drama; Comedy; Romance,4
269,For a Few Dollars More,original,18;28;35;80,Drama; Action; Comedy; Crime,4
9122,Miss Congeniality 2: Armed and Fabulous,original,18;35,Drama; Comedy,2
4983,21,original,18;35,Drama; Comedy,2
7521,Bad Lieutenant: Port of Call - New Orleans,original,18;28;53;80,Drama; Action; Thriller; Crime,4
9100,The Jack in the Box,original,14;16;27;35;878;10751,Fantasy; Animation; Horror; Comedy; Science Fiction; Family,6
4660,The Mummy,original,14;18;27,Fantasy; Drama; Horror,3
5841,Just Wright,original,18;35;10749,Drama; Comedy; Romance,3
3986,The X-Files,original,28;53;80;878;9648,Action; Thriller; Crime; Science Fiction; Mystery,5
144,Vertigo,original,18;27;53;80;9648,Drama; Horror; Thriller; Crime; Mystery,5
3414,Anplagghed al Cinema,original,18;35;53,Drama; Comedy; Thriller,3
3086,"The Legend of Al, John and Jack",original,35;53;80,Comedy; Thriller; Crime,3
5530,Black Rain,original,18;28;53;80,Drama; Action; Thriller; Crime,4
4848,Oliver & Company,original,12;16;35;10751,Adventure; Animation; Comedy; Family,4
8399,The Men Who Stare at Goats,original,18;35;53,Drama; Comedy; Thriller,3
616,Into the Wild,original,18;35,Drama; Comedy,2
1632,Crush,original,18;35;10402;10749,Drama; Comedy; Music; Romance,4
5034,The Replacements,original,18;35;53,Drama; Comedy; Thriller,3
8507,Cyrus,original,18;35;53;10749,Drama; Comedy; Thriller; Romance,4
4975,Fear Street: 1994,original,18;27;28;53,Drama; Horror; Action; Thriller,4
5437,Annabelle: Creation,original,14;27,Fantasy; Horror,2
56,The Wild Robot,original,12;16;18;35;878;10751,Adventure; Animation; Drama; Comedy; Science Fiction; Family,6
4069,My Spy,original,18;28;53;80;9648,Drama; Action; Thriller; Crime; Mystery,5
6787,Zack and Miri Make a Porno,original,18;35;10749,Drama; Comedy; Romance,3
6758,The Last Mimzy,original,12;14;18;35;10751,Adventure; Fantasy; Drama; Comedy; Family,5
9038,The Bay,original,27;53;9648,Horror; Thriller; Mystery,3
4071,The Ice Storm,original,18;35;53,Drama; Comedy; Thriller,3
3020,Drugstore Cowboy,original,18;35,Drama; Comedy,2
3243,Radiofreccia,original,18;35,Drama; Comedy,2
8174,Spanglish,original,18;35;10749,Drama; Comedy; Romance,3
8898,Department Store,original,18;35,Drama; Comedy,2
256,The Wolf of Wall Street,original,18;35;53;80,Drama; Comedy; Thriller; Crime,4
4276,The Blob,original,27;878,Horror; Science Fiction,2
307,"Love, Simon",original,18;35;10749,Drama; Comedy; Romance,3
1719,The Long Goodbye,original,18;53;80;9648,Drama; Thriller; Crime; Mystery,4
4377,Easy A,original,18;35;10749,Drama; Comedy; Romance,3
1360,"Play It Again, Sam",original,18;35;10749,Drama; Comedy; Romance,3
1294,Mars Express,original,28;53;80;878;9648,Action; Thriller; Crime; Science Fiction; Mystery,5
5554,The Lion King 1½,original,12;14;16;35;10751,Adventure; Fantasy; Animation; Comedy; Family,5
8719,Planet 51,original,12;18;35;878,Adventure; Drama; Comedy; Science Fiction,4
5660,Blade II,original,14;27;28,Fantasy; Horror; Action,3
4771,Beau Is Afraid,original,18;27;53,Drama; Horror; Thriller,3
9355,Cool World,original,35,Comedy,1
9982,And Soon the Darkness,original,18;35;53,Drama; Comedy; Thriller,3
4705,The Gilded Cage,original,18,Drama,1
4714,Flawless,original,18;35;53;80;10749,Drama; Comedy; Thriller; Crime; Romance,5
159,Togo,original,12;18;10751,Adventure; Drama; Family,3
3345,"I'm a Cyborg, But That's OK",original,18;35;878,Drama; Comedy; Science Fiction,3
5605,Hitch,original,18;35;10749,Drama; Comedy; Romance,3
5835,Joy Ride,original,18;27;53,Drama; Horror; Thriller,3
88,Le Trou,original,18;27;35;53;80,Drama; Horror; Comedy; Thriller; Crime,5
5794,Red Sparrow,original,12;16;35;10751,Adventure; Animation; Comedy; Family,4
3166,Trash,original,12;27;35;53;80,Adventure; Horror; Comedy; Thriller; Crime,5
5760,Jurassic World: Fallen Kingdom,original,12;18;28;878,Adventure; Drama; Action; Science Fiction,4
2083,American Fiction,original,18;35,Drama; Comedy,2
354,The Sixth Sense,original,18;53;9648,Drama; Thriller; Mystery,3
9465,Blue Mountain State: The Rise of Thadland,original,18;35,Drama; Comedy,2
9630,Don't Knock Twice,original,14;18;27,Fantasy; Drama; Horror,3
604,Mr. Nobody,original,14;18;28;35;878,Fantasy; Drama; Action; Comedy; Science Fiction,5
9133,Life of Crime,original,18;28;35;53;80,Drama; Action; Comedy; Thriller; Crime,5
439,Dangal,original,18;35;10751,Drama; Comedy; Family,3
5242,The Harder They Fall,original,12;28;35;53;80,Adventure; Action; Comedy; Thriller; Crime,5
5089,"Mektoub, My Love: Canto Uno",original,18;35;10749,Drama; Comedy; Romance,3
9187,MILF,original,18;35;10749,Drama; Comedy; Romance,3
9662,My Soul to Take,original,18;27;9648,Drama; Horror; Mystery,3
6237,Cloudy with a Chance of Meatballs 2,original,12;16;35;878;10751,Adventure; Animation; Comedy; Science Fiction; Family,5
4155,Den of Thieves,original,18;28;35;37;53;80,Drama; Action; Comedy; Western; Thriller; Crime,6
1235,Hard Boiled,original,28;35;53;80,Action; Comedy; Thriller; Crime,4
458,A Whisker Away,original,16;18;35;10749;10751,Animation; Drama; Comedy; Romance; Family,5
480,Kill Bill: Vol. 2,original,18;28;53;80,Drama; Action; Thriller; Crime,4
7672,Last Night,original,18;35;10749,Drama; Comedy; Romance,3
8738,Love Addict,original,18;35;10749,Drama; Comedy; Romance,3
4017,Tales from the Crypt: Demon Knight,original,12;14;28;53;80,Adventure; Fantasy; Action; Thriller; Crime,5
726,Deep Red,original,18;27;53;9648,Drama; Horror; Thriller; Mystery,4
222,My Neighbor Totoro,original,12;14;18;27;35;10751,Adventure; Fantasy; Drama; Horror; Comedy; Family,6
1221,Angels with Dirty Faces,original,18;35;80,Drama; Comedy; Crime,3
1256,The Passion of the Christ,original,18;27,Drama; Horror,2
9620,Blackhat,original,28;53;80;9648,Action; Thriller; Crime; Mystery,4
5287,Barefoot,original,18;35;10749,Drama; Comedy; Romance,3
2645,Alien: Romulus,original,12;27;53;878,Adventure; Horror; Thriller; Science Fiction,4
8601,Mean Girls,original,16;35;10751,Animation; Comedy; Family,3
2568,Irreversible,original,18;28;53;80,Drama; Action; Thriller; Crime,4
8171,Franklyn,original,18;10749,Drama; Romance,2
9547,Open Water,original,18;53,Drama; Thriller,2
2384,"The Good, the Bart, and the Loki",original,12;14;16;28;35;878;10751,Adventure; Fantasy; Animation; Action; Comedy; Science Fiction; Family,7
6491,Vantage Point,original,18;28;53,Drama; Action; Thriller,3
7684,Every Which Way but Loose,original,18;35;80,Drama; Comedy; Crime,3
4330,Pooh's Heffalump Movie,original,12;14;16;35;10751,Adventure; Fantasy; Animation; Comedy; Family,5
2210,Labyrinth,original,12;14;16;35;10751,Adventure; Fantasy; Animation; Comedy; Family,5
1332,Batman: Mask of the Phantasm,original,18;28;53;80;9648,Drama; Action; Thriller; Crime; Mystery,5
2861,This Boy's Life,original,18;53,Drama; Thriller,2
7870,Valhalla Rising,original,12;14;18;28;53,Adventure; Fantasy; Drama; Action; Thriller,5
813,Divines,original,18;35,Drama; Comedy,2
4858,Anna Karenina,original,18;53;10749,Drama; Thriller; Romance,3
4637,Danny Collins,original,18;35;10749,Drama; Comedy; Romance,3
4591,The Girl in the Fog,original,18;27;53;9648,Drama; Horror; Thriller; Mystery,4
9045,Trespass Against Us,original,18;28;35;80,Drama; Action; Comedy; Crime,4
8481,Paradise Hills,original,18;27;53,Drama; Horror; Thriller,3
2302,Mask,original,18;53,Drama; Thriller,2
9943,Welcome Home,original,35,Comedy,1
8338,Dead Snow,original,18;27;53,Drama; Horror; Thriller,3
8262,Mission to Mars,original,18;27;28;53;878,Drama; Horror; Action; Thriller; Science Fiction,5
1764,Mudbound,original,18;10752,Drama; War,2
9988,Halloween III: Season of the Witch,original,27;35;53;10751,Horror; Comedy; Thriller; Family,4
1603,The Secret Garden,original,14;18;10749;10751,Fantasy; Drama; Romance; Family,4
9989,Poltergeist III,original,27;53,Horror; Thriller,2
8535,1922,original,18;35;80,Drama; Comedy; Crime,3
8708,Hitman: Agent 47,original,28;53;80;9648,Action; Thriller; Crime; Mystery,4
2858,Your Fault,original,18;35;10749;10751,Drama; Comedy; Romance; Family,4
8086,All Good Things,original,18;53;80;9648,Drama; Thriller; Crime; Mystery,4
6753,Security,original,18;28;35;53;80,Drama; Action; Comedy; Thriller; Crime,5
2722,The Man Who Knew Infinity,original,18;36;10749,Drama; History; Romance,3
6178,Cobweb,original,14;18;27;53;9648,Fantasy; Drama; Horror; Thriller; Mystery,5
57,The Quintessential Quintuplets Movie,original,18;35;10749,Drama; Comedy; Romance,3
4650,Coma,original,18;27;35;53;9648,Drama; Horror; Comedy; Thriller; Mystery,5
3683,Rescue Dawn,original,12;18;28;36;53;10752,Adventure; Drama; Action; History; Thriller; War,6
7963,Journey to the Center of the Earth,original,12;18;53;878;10751,Adventure; Drama; Thriller; Science Fiction; Family,5
2275,The Names of Love,original,18;35,Drama; Comedy,2
8384,Elvis & Nixon,original,18;35,Drama; Comedy,2
2126,Lights Out,original,14;27;53;9648,Fantasy; Horror; Thriller; Mystery,4
4528,Last Flag Flying,original,18,Drama,1
8652,The Riot Club,original,18;35;53,Drama; Comedy; Thriller,3
5581,Greta,original,18;35;10749,Drama; Comedy; Romance,3
7976,Alien Nation,original,27;28;878,Horror; Action; Science Fiction,3
452,Roman Holiday,original,18;35;10749,Drama; Comedy; Romance,3
9321,Captive State,original,18;28;53;878,Drama; Action; Thriller; Science Fiction,4
2136,Star Trek: First Contact,original,12;28;878,Adventure; Action; Science Fiction,3
5207,Ninja: Shadow of a Tear,original,28;53;80,Action; Thriller; Crime,3
3373,Emma.,original,18;36;10749,Drama; History; Romance,3
4361,Wild Rose,original,18;35;10402;10749,Drama; Comedy; Music; Romance,4
8255,Sudden Death,original,18;28;35;53,Drama; Action; Comedy; Thriller,4
9020,The Town that Dreaded Sundown,original,27;28;53;80;9648,Horror; Action; Thriller; Crime; Mystery,5
9744,The Dead Don't Die,original,14;27;35,Fantasy; Horror; Comedy,3
1291,Prison Break: The Final Break,original,18;35;53;80,Drama; Comedy; Thriller; Crime,4
4674,Fantomas Unleashed,original,12;28;35;878,Adventure; Action; Comedy; Science Fiction,4
3253,Say Anything...,original,18;35;10749,Drama; Comedy; Romance,3
2587,"Ruby Gillman, Teenage Kraken",original,12;14;16;28;10751,Adventure; Fantasy; Animation; Action; Family,5
5753,Harold & Kumar Go to White Castle,original,35;80;10751,Comedy; Crime; Family,3
7793,Kin,original,12;28;53;80,Adventure; Action; Thriller; Crime,4
8698,Stuck Together,original,18;27;53,Drama; Horror; Thriller,3
2524,"Are You There God? It's Me, Margaret.",original,18;35;10749,Drama; Comedy; Romance,3
8467,Mars Needs Moms,original,12;28;35;878;10751,Adventure; Action; Comedy; Science Fiction; Family,5
8225,12 Feet Deep,original,18;27;35;53,Drama; Horror; Comedy; Thriller,4
7360,Short Circuit 2,original,12;28;35;878,Adventure; Action; Comedy; Science Fiction,4
7800,The Inbetweeners 2,original,35;10749,Comedy; Romance,2
7262,Unknown Origins,original,18;28;53;80,Drama; Action; Thriller; Crime,4
5690,The Vast of Night,original,18;878,Drama; Science Fiction,2
1613,Hedwig and the Angry Inch,original,18;35;10402;10749,Drama; Comedy; Music; Romance,4
1054,The Longest Day,original,18;36;10752,Drama; History; War,3
9170,The Order,original,18;27;28;53;80,Drama; Horror; Action; Thriller; Crime,5
446,The Notebook,original,18;35;10749,Drama; Comedy; Romance,3
6194,Da 5 Bloods,original,18;28;10752,Drama; Action; War,3
6702,Shrek the Halls,original,14;16;27;35;10751,Fantasy; Animation; Horror; Comedy; Family,5
1526,Marty,original,18;35;10749,Drama; Comedy; Romance,3
6737,Looney Tunes: Back in Action,original,12;14;16;28;35;10751,Adventure; Fantasy; Animation; Action; Comedy; Family,6
935,The Spirit of the Beehive,original,14;18;27;53;9648,Fantasy; Drama; Horror; Thriller; Mystery,5
4749,Maze Runner: The Scorch Trials,original,12;28;35,Adventure; Action; Comedy,3
2642,The Broken Hearts Gallery,original,14;18;35;10749,Fantasy; Drama; Comedy; Romance,4
141,Innocent Voices,original,18;28;10752,Drama; Action; War,3
6091,The United States of Leland,original,18;53;80;9648,Drama; Thriller; Crime; Mystery,4
532,The Big Lebowski,original,18;35,Drama; Comedy,2
704,How to Train Your Dragon: The Hidden World,original,12;14;16;28;35;10751,Adventure; Fantasy; Animation; Action; Comedy; Family,6
1277,Escape from Alcatraz,original,18;28;53;80,Drama; Action; Thriller; Crime,4
3806,Meet the Robinsons,original,12;18;35;878;10751,Adventure; Drama; Comedy; Science Fiction; Family,5
6470,Kick-Ass 2,original,12;28;35;878,Adventure; Action; Comedy; Science Fiction,4
7101,Unfriended: Dark Web,original,27;28;53;878;9648,Horror; Action; Thriller; Science Fiction; Mystery,5
8133,Prey,original,12;18;27;28;53,Adventure; Drama; Horror; Action; Thriller,5
2481,It's Only the End of the World,original,18;35,Drama; Comedy,2
5156,Fire in the Sky,original,18;27;35;53;80;9648,Drama; Horror; Comedy; Thriller; Crime; Mystery,6
3418,Naked Lunch,original,27;35;80,Horror; Comedy; Crime,3
7481,El Conde,original,27;28;53,Horror; Action; Thriller,3
1109,Imagine Me & You,original,18;35;10749,Drama; Comedy; Romance,3
9659,Sandy Wexler,original,18;35;10402;10749,Drama; Comedy; Music; Romance,4
2155,A Monster Calls,original,14;18;27;10751,Fantasy; Drama; Horror; Family,4
9842,The Flintstones,original,16;35;10751,Animation; Comedy; Family,3
1476,Man on Fire,original,18;28;35;53;80,Drama; Action; Comedy; Thriller; Crime,5
2743,Talk to Me,original,27;53,Horror; Thriller,2
3742,Chicken Run: Dawn of the Nugget,original,35;53,Comedy; Thriller,2
2768,Seven Brides for Seven Brothers,original,18;35;37;10749,Drama; Comedy; Western; Romance,4
5670,Reminiscence,original,18;53;10749,Drama; Thriller; Romance,3
1894,Eraserhead,original,18;35,Drama; Comedy,2
3695,Four Lions,original,12;18;35,Adventure; Drama; Comedy,3
276,Harry Potter and the Prisoner of Azkaban,original,12;14;16;35;10751,Adventure; Fantasy; Animation; Comedy; Family,5
389,Heat,original,12;28;35;53;80;9648,Adventure; Action; Comedy; Thriller; Crime; Mystery,6
2500,Monster,original,18;27;28;53;80,Drama; Horror; Action; Thriller; Crime,5
4675,Sightless,original,18;27;28;53;9648,Drama; Horror; Action; Thriller; Mystery,5
5163,The Hunger,original,14;18;27;878;10749,Fantasy; Drama; Horror; Science Fiction; Romance,5
7397,Stretch,original,18;28;35;53;80,Drama; Action; Comedy; Thriller; Crime,5
1805,The Impossible,original,18,Drama,1
7148,Deadstream,original,18;27;35;53,Drama; Horror; Comedy; Thriller,4
3272,The Lobster,original,18;35;10749,Drama; Comedy; Romance,3
1741,Braindead,original,14;16;27;35;10751,Fantasy; Animation; Horror; Comedy; Family,5
992,The Anthem of the Heart,original,16;18;35;10402;10749,Animation; Drama; Comedy; Music; Romance,5
9001,Ricki and the Flash,original,18;35;10402,Drama; Comedy; Music,3
3841,Isi & Ossi,original,18;35;10749,Drama; Comedy; Romance,3
1575,Mr. Church,original,18;35;10749,Drama; Comedy; Romance,3
4004,The Night Comes for Us,original,28;53;80,Action; Thriller; Crime,3
8695,Suburbicon,original,18;27;35;53,Drama; Horror; Comedy; Thriller,4
9457,Earth Girls Are Easy,original,35;878;10749,Comedy; Science Fiction; Romance,3
9385,Semi-Pro,original,18;35,Drama; Comedy,2
8987,Joe's Apartment,original,35,Comedy,1
1415,C.R.A.Z.Y.,original,18;35,Drama; Comedy,2
6478,Hot Rod,original,18;28;35,Drama; Action; Comedy,3
9618,Dirty Dancing,original,18;35;10749;10751,Drama; Comedy; Romance; Family,4
2350,Frozen II,original,12;14;16;27;35;10751,Adventure; Fantasy; Animation; Horror; Comedy; Family,6
4942,A Nightmare on Elm Street 3: Dream Warriors,original,18;27;53;80,Drama; Horror; Thriller; Crime,4
1458,Balkan Line,original,18;28;53;10752,Drama; Action; Thriller; War,4
7723,Jackass Presents: Bad Grandpa,original,18;35;10751,Drama; Comedy; Family,3
8997,Vanity Fair,original,18;27,Drama; Horror,2
4514,Don't Worry Darling,original,35;53,Comedy; Thriller,2
8848,A Classic Horror Story,original,18;27,Drama; Horror,2
7374,Blown Away,original,18;28;53;878,Drama; Action; Thriller; Science Fiction,4
4010,Sleeper,original,18;35;878;10749,Drama; Comedy; Science Fiction; Romance,4
5486,The Fury of a Patient Man,original,18;35;10749,Drama; Comedy; Romance,3
7473,Under the Riccione Sun,original,18;35;10749,Drama; Comedy; Romance,3
7071,Gemini Man,original,12;18;28;35;53,Adventure; Drama; Action; Comedy; Thriller,5
7029,I ♥ Huckabees,original,35;53;80;9648;10749,Comedy; Thriller; Crime; Mystery; Romance,5
4653,Twitches,original,14;27;35;10749,Fantasy; Horror; Comedy; Romance,4
3016,Aladdin,original,12;14;16;35;10751,Adventure; Fantasy; Animation; Comedy; Family,5
8194,Tracers,original,28;35;53;80,Action; Comedy; Thriller; Crime,4
9594,Budapest,original,18;35;10749,Drama; Comedy; Romance,3
6034,Hey Arnold! The Movie,original,28;35;53;80,Action; Comedy; Thriller; Crime,4
9080,The Smurfs,original,12;14;16;28;35;10751,Adventure; Fantasy; Animation; Action; Comedy; Family,6
5733,Saving Grace,original,18;35,Drama; Comedy,2
3927,Supernova,original,18;10749,Drama; Romance,2
5580,The Mask of Zorro,original,18;28,Drama; Action,2
2296,One Man Band,original,16;18;35;10749;10751,Animation; Drama; Comedy; Romance; Family,5
5976,Four Flies on Grey Velvet,original,18;35;53;80;9648,Drama; Comedy; Thriller; Crime; Mystery,5
3517,The Bob's Burgers Movie,original,27;35;53,Horror; Comedy; Thriller,3
2050,Total Recall,original,12;18;35;53;878,Adventure; Drama; Comedy; Thriller; Science Fiction,5
1426,The Discreet Charm of the Bourgeoisie,original,18;35;10749,Drama; Comedy; Romance,3
6691,A Dangerous Method,original,18;53,Drama; Thriller,2
6945,The Gendarme in New York,original,18;28;35;80;10752,Drama; Action; Comedy; Crime; War,5
728,Guy Ritchie's The Covenant,original,18;28;53;10752,Drama; Action; Thriller; War,4
7850,Haunter,original,18;53,Drama; Thriller,2
8524,All You Need is Crime,original,18;35;80,Drama; Comedy; Crime,3
4313,Smallfoot,original,12;14;16;18;27;35;10751,Adventure; Fantasy; Animation; Drama; Horror; Comedy; Family,7
148,Silenced,original,18,Drama,1
4468,I Walked with a Zombie,original,18;27;10749,Drama; Horror; Romance,3
2699,"The Good, the Bad, the Weird",original,12;18;28;36;80,Adventure; Drama; Action; History; Crime,5
3028,Immortal Beloved,original,18;36;10749,Drama; History; Romance,3
2474,The Princess and the Frog,original,18;35;10749,Drama; Comedy; Romance,3
4080,AKA,original,18;28;35;53;80,Drama; Action; Comedy; Thriller; Crime,5
4455,Babysitting,original,35;53,Comedy; Thriller,2
732,Accattone,original,18;35;53;80,Drama; Comedy; Thriller; Crime,4
9622,102 Dalmatians,original,12;14;16;28;35;10751,Adventure; Fantasy; Animation; Action; Comedy; Family,6
3629,Superman vs. The Elite,original,18;28;80,Drama; Action; Crime,3
7579,The Belko Experiment,original,18;53,Drama; Thriller,2
5666,Return of the Living Dead III,original,18;27;53,Drama; Horror; Thriller,3
1126,Bao,original,16;18;35;10751,Animation; Drama; Comedy; Family,4
3446,"Extremely Wicked, Shockingly Evil and Vile",original,18;53;80;9648,Drama; Thriller; Crime; Mystery,4
5726,Bad Santa,original,14;35;10751,Fantasy; Comedy; Family,3
7407,The Yards,original,18;35;53;80,Drama; Comedy; Thriller; Crime,4
5932,The Rebound,original,18;35;80;10749,Drama; Comedy; Crime; Romance,4
6000,Stir Crazy,original,35;80,Comedy; Crime,2
3539,The Way We Were,original,18;35;10749,Drama; Comedy; Romance,3
2847,Greenland,original,12;35;878,Adventure; Comedy; Science Fiction,3
6716,The Expendables 2,original,18;28;35;53;80,Drama; Action; Comedy; Thriller; Crime,5
4167,Bill & Ted's Excellent Adventure,original,12;18;35;878,Adventure; Drama; Comedy; Science Fiction,4
4963,The Boxtrolls,original,12;14;16;27;878;10751,Adventure; Fantasy; Animation; Horror; Science Fiction; Family,6
1456,Sin City,original,18;28;35;53;80,Drama; Action; Comedy; Thriller; Crime,5
1387,Running on Empty,original,18;28;35,Drama; Action; Comedy,3
7015,The Three Caballeros,original,12;35;10751,Adventure; Comedy; Family,3
2438,Beating Hearts,original,18;10749,Drama; Romance,2
8273,Gretel & Hansel,original,12;14;16;18;27;10751,Adventure; Fantasy; Animation; Drama; Horror; Family,6
6741,Lady and the Tramp II: Scamp's Adventure,original,16;18;35;10749;10751,Animation; Drama; Comedy; Romance; Family,5
6386,Game of Death,original,18;28;53;80,Drama; Action; Thriller; Crime,4
3406,Boy Erased,original,18;35,Drama; Comedy,2
7635,We're No Angels,original,18;28;53,Drama; Action; Thriller,3
62,Léon: The Professional,original,18;28;35;80,Drama; Action; Comedy; Crime,4
9345,Old People,original,18;27;53,Drama; Horror; Thriller,3
7311,Wimbledon,original,18;35,Drama; Comedy,2
8681,Child's Play 3,original,18;35;10751,Drama; Comedy; Family,3
4758,Silver Streak,original,18;27;53;80;9648,Drama; Horror; Thriller; Crime; Mystery,5
2188,The Texas Chain Saw Massacre,original,27;53;9648,Horror; Thriller; Mystery,3
9278,Cosmopolis,original,18;28;35,Drama; Action; Comedy,3
9375,The House,original,18;35;10749,Drama; Comedy; Romance,3
2504,Only Lovers Left Alive,original,18;35;10402;10749,Drama; Comedy; Music; Romance,4
7361,Sabrina,original,18;35;10749,Drama; Comedy; Romance,3
8890,21 & Over,original,18;35,Drama; Comedy,2
5301,Taxidermia,original,14;18;35,Fantasy; Drama; Comedy,3
7172,Cold Prey,original,18;27;35;53,Drama; Horror; Comedy; Thriller,4
44,Gabriel's Inferno: Part III,original,18;27;53,Drama; Horror; Thriller,3
5765,Indiana Jones and the Dial of Destiny,original,18;28;35,Drama; Action; Comedy,3
5260,Alan Partridge: Alpha Papa,original,18;28;35;53,Drama; Action; Comedy; Thriller,4
9326,Horse Girl,original,14;18;35;10749,Fantasy; Drama; Comedy; Romance,4
202,Green Snake,original,18;28;53;9648;10749,Drama; Action; Thriller; Mystery; Romance,5
7655,The Eiger Sanction,original,18;28;53;80,Drama; Action; Thriller; Crime,4
2662,"Ciao, Professore!",original,18;35,Drama; Comedy,2
1696,Irma la Douce,original,18;35;53;80;10749,Drama; Comedy; Thriller; Crime; Romance,5
7162,Pacific Heights,original,18;35,Drama; Comedy,2
158,Palmer,original,18;35;53;80,Drama; Comedy; Thriller; Crime,4
9686,School for Scoundrels,original,35;10749,Comedy; Romance,2
3226,Climax,original,18;27;35;10402,Drama; Horror; Comedy; Music,4
5555,A Cinderella Story,original,27;35;10749,Horror; Comedy; Romance,3
8549,The Mexican,original,18;28;35;53;80,Drama; Action; Comedy; Thriller; Crime,5
1608,Predestination,original,28;53;878;9648,Action; Thriller; Science Fiction; Mystery,4
2571,No,original,18;35,Drama; Comedy,2
6950,The Cheetah Girls 2,original,16;18;35;10402;10749;10751,Animation; Drama; Comedy; Music; Romance; Family,6
8108,The Den,original,18;27;53;80;9648,Drama; Horror; Thriller; Crime; Mystery,5
1253,Barbie: Princess Charm School,original,12;14;16;35;10749;10751,Adventure; Fantasy; Animation; Comedy; Romance; Family,6
5341,The Eagle Has Landed,original,12;18;35;36;10752,Adventure; Drama; Comedy; History; War,5
1474,Key Largo,original,18;53,Drama; Thriller,2
3282,Cleopatra,original,18;28;53,Drama; Action; Thriller,3
963,Boyz n the Hood,original,18;28;35;53;80,Drama; Action; Comedy; Thriller; Crime,5
8661,The Break-Up,original,18;35;53;10749,Drama; Comedy; Thriller; Romance,4
4989,About a Boy,original,18;35;10749,Drama; Comedy; Romance,3
9883,Get a Job,original,35,Comedy,1
3034,Maleficent,original,12;14;16;18;35;10749,Adventure; Fantasy; Animation; Drama; Comedy; Romance,6
2688,Kahaani,original,18;53;9648;10749,Drama; Thriller; Mystery; Romance,4
2482,Wonder Woman,original,12;14;16;18;28;10751,Adventure; Fantasy; Animation; Drama; Action; Family,6
4851,The Thieves,original,12;28;35;53;80,Adventure; Action; Comedy; Thriller; Crime,5
8942,To the Wonder,original,18;35;10749,Drama; Comedy; Romance,3
5456,Underworld: Evolution,original,28;35,Action; Comedy,2
7706,God's Not Dead 2,original,18;35,Drama; Comedy,2
7658,World Trade Center,original,12;18;28;53;80,Adventure; Drama; Action; Thriller; Crime,5
8952,Eight Legged Freaks,original,12;27;28;35;878;10751,Adventure; Horror; Action; Comedy; Science Fiction; Family,6
1644,"Jeanne Dielman, 23, quai du Commerce, 1080 Bruxelles",original,18;35;10749,Drama; Comedy; Romance,3
6621,Into the Labyrinth,original,18;27;53;80;878;9648,Drama; Horror; Thriller; Crime; Science Fiction; Mystery,6
5564,Halloween II,original,27;53,Horror; Thriller,2
939,Another Round,original,18;35,Drama; Comedy,2
9245,I'm So Excited!,original,18;35,Drama; Comedy,2
7335,Senseless,original,18;27;53,Drama; Horror; Thriller,3
5848,The Tearsmith,original,18;35;10749,Drama; Comedy; Romance,3
2053,Air,original,18;35,Drama; Comedy,2
1987,Jungle Cruise,original,14;18;10751,Fantasy; Drama; Family,3
9387,Snow Dogs,original,35;10751,Comedy; Family,2
9452,Spinning Man,original,18;35;53;9648,Drama; Comedy; Thriller; Mystery,4
8302,The Cable Guy,original,35;53;80,Comedy; Thriller; Crime,3
2994,Where the Heart Is,original,18;35;10749,Drama; Comedy; Romance,3
6884,¡Three Amigos!,original,18;28;35;80,Drama; Action; Comedy; Crime,4
1018,Butch Cassidy and the Sundance Kid,original,12;18;28;37;53;80,Adventure; Drama; Action; Western; Thriller; Crime,6
1296,All That Jazz,original,18;35;10402,Drama; Comedy; Music,3
4193,RETURN,original,18,Drama,1
359,The Cure,original,18;35;10749,Drama; Comedy; Romance,3
1979,The Judge,original,18;53;80;9648,Drama; Thriller; Crime; Mystery,4
405,Death Note Relight 1: Visions of a God,original,18;28;53;878,Drama; Action; Thriller; Science Fiction,4
1050,The Curious Case of Benjamin Button,original,18;35;10749,Drama; Comedy; Romance,3
1495,Three Colors: White,original,18;35;10749,Drama; Comedy; Romance,3
5427,The Addams Family,original,18;35,Drama; Comedy,2
5806,Act of Valor,original,12;28;53;878,Adventure; Action; Thriller; Science Fiction,4
8208,Birth,original,18;53;10749,Drama; Thriller; Romance,3
9313,Playing for Keeps,original,18;35;10751,Drama; Comedy; Family,3
3279,The Northman,original,12;28;53,Adventure; Action; Thriller,3
5095,Hellboy,original,12;14;27;28,Adventure; Fantasy; Horror; Action,4
9482,Hellboy,original,12;14;16;28,Adventure; Fantasy; Animation; Action,4
770,"I, Daniel Blake",original,18;35;53,Drama; Comedy; Thriller,3
8670,No One Gets Out Alive,original,18;27;53,Drama; Horror; Thriller,3
177,"“The Shorts” by Aldo, Giovanni and Giacomo",original,18;35;36,Drama; Comedy; History,3
2246,Lean On Me,original,18;28;35;53;80,Drama; Action; Comedy; Thriller; Crime,5
3333,Malcolm & Marie,original,18;35;10749,Drama; Comedy; Romance,3
1844,Dragon Ball: The Path to Power,original,12;14;16;28;35;10751,Adventure; Fantasy; Animation; Action; Comedy; Family,6
2060,True Grit,original,18;28;53;80,Drama; Action; Thriller; Crime,4
3195,The Ministry of Ungentlemanly Warfare,original,12;18;28;36;53;10752,Adventure; Drama; Action; History; Thriller; War,6
6548,District 13: Ultimatum,original,18;28;35,Drama; Action; Comedy,3
8833,Coexister,original,18;27;35;10402,Drama; Horror; Comedy; Music,4
796,The Man from Nowhere,original,18;28;35;53;80,Drama; Action; Comedy; Thriller; Crime,5
4116,Mean Creek,original,18;27;35,Drama; Horror; Comedy,3
8212,Orange County,original,18;35,Drama; Comedy,2
467,My Way,original,12;18;28;36;10752,Adventure; Drama; Action; History; War,5
3641,The Eight Hundred,original,18;28;36;10752,Drama; Action; History; War,4
3085,22 July,original,18;27;28;36;53,Drama; Horror; Action; History; Thriller,5
1757,Twin Peaks: Fire Walk with Me,original,18;27;53;80;9648,Drama; Horror; Thriller; Crime; Mystery,5
3189,Death Note: The Last Name,original,18;28,Drama; Action,2
8097,The Gendarme and the Creatures from Outer Space,original,27;35;878,Horror; Comedy; Science Fiction,3
9101,The Tunnel,original,18;27;53;9648,Drama; Horror; Thriller; Mystery,4
1656,Summer of 85,original,18;10749,Drama; Romance,2
8274,What to Expect When You're Expecting,original,18;35;10749,Drama; Comedy; Romance,3
5940,Star Trek: Generations,original,12;18;28;35;878,Adventure; Drama; Action; Comedy; Science Fiction,5
4725,Mermaids,original,18;35;10749;10751,Drama; Comedy; Romance; Family,4
6282,Borat Subsequent Moviefilm,original,18;35;878,Drama; Comedy; Science Fiction,3
6195,Café Society,original,18;35;10749,Drama; Comedy; Romance,3
1033,Elemental,original,18;35;10749,Drama; Comedy; Romance,3
7769,Blood Ties,original,18;28;53;80,Drama; Action; Thriller; Crime,4
6731,In a World...,original,18;35;10402;10749;10751,Drama; Comedy; Music; Romance; Family,5
5081,Martian Child,original,12;18;35;878,Adventure; Drama; Comedy; Science Fiction,4
7639,Final Destination 5,original,14;27;28;53;878,Fantasy; Horror; Action; Thriller; Science Fiction,5
2157,Weekend,original,35;10749,Comedy; Romance,2
3203,Lee,original,18;36;10749;10752,Drama; History; Romance; War,4
2237,The Hours,original,18;35;10749,Drama; Comedy; Romance,3
2600,The Caine Mutiny,original,18;28,Drama; Action,2
9444,Airport '77,original,12;18;53,Adventure; Drama; Thriller,3
6273,The Chronicles of Narnia: The Voyage of the Dawn Treader,original,12;14;16;35;10751,Adventure; Fantasy; Animation; Comedy; Family,5
